date,EFA,Cleared Volume,gap,day_of_week,weekday_or_holiday,day_sin,day_cos,Average Temperature,price
2022-03-31 23:00:00,1,514,10.1875,4,1,-2.4492935982947064e-16,1.0,0.375,1.7
2022-04-01 03:00:00,2,507,157.58333333333212,4,1,0.20129852008866,0.9795299412524944,0.5,8.96
2022-04-01 07:00:00,3,495,-46.52083333333576,4,1,0.20129852008866,0.9795299412524944,2.0,4.89
2022-04-01 11:00:00,4,514,-8.541666666664241,4,1,0.20129852008866,0.9795299412524944,3.5,1.5
2022-04-01 15:00:00,5,508,75.89583333333576,4,1,0.20129852008866,0.9795299412524944,3.375,47.99
2022-04-01 19:00:00,6,326,-142.14583333333576,4,1,0.20129852008866,0.9795299412524944,1.5,1.13
2022-04-01 23:00:00,1,334,-27.33333333333212,5,0,0.20129852008866,0.9795299412524944,0.75,0.56
2022-04-02 03:00:00,2,370,74.91666666666788,5,0,0.3943558551133185,0.9189578116202306,0.875,3.0
2022-04-02 07:00:00,3,430,-15.47916666666788,5,0,0.3943558551133185,0.9189578116202306,2.0,1.2
2022-04-02 11:00:00,4,468,-16.29166666666788,5,0,0.3943558551133185,0.9189578116202306,4.25,1.5
2022-04-02 15:00:00,5,555,74.97916666666788,5,0,0.3943558551133185,0.9189578116202306,4.125,12.11
2022-04-02 19:00:00,6,426,-126.6875,5,0,0.3943558551133185,0.9189578116202306,1.5,2.0
2022-04-02 23:00:00,1,335,-12.8125,6,0,0.3943558551133185,0.9189578116202306,0.75,0.55
2022-04-03 03:00:00,2,412,65.89583333333212,6,0,0.5712682150947923,0.8207634412072763,1.5,2.88
2022-04-03 07:00:00,3,509,6.458333333332121,6,0,0.5712682150947923,0.8207634412072763,4.5,1.49
2022-04-03 11:00:00,4,576,26.54166666666788,6,0,0.5712682150947923,0.8207634412072763,5.625,1.86
2022-04-03 15:00:00,5,541,91.8125,6,0,0.5712682150947923,0.8207634412072763,5.75,47.98
2022-04-03 19:00:00,6,461,-223.8125,6,0,0.5712682150947923,0.8207634412072763,5.0,4.24
2022-04-03 23:00:00,1,584,18.45833333333212,0,1,0.5712682150947923,0.8207634412072763,6.125,2.2
2022-04-04 03:00:00,2,631,167.54166666666788,0,1,0.7247927872291199,0.6889669190756866,7.0,16.48
2022-04-04 07:00:00,3,416,20.64583333333576,0,1,0.7247927872291199,0.6889669190756866,8.5,5.0
2022-04-04 11:00:00,4,486,-13.47916666666424,0,1,0.7247927872291199,0.6889669190756866,9.25,1.86
2022-04-04 15:00:00,5,519,38.16666666666424,0,1,0.7247927872291199,0.6889669190756866,9.5,60.0
2022-04-04 19:00:00,6,497,-191.5833333333321,0,1,0.7247927872291199,0.6889669190756866,9.5,3.61
2022-04-04 23:00:00,1,638,-9.375,1,1,0.7247927872291199,0.6889669190756866,8.75,5.1
2022-04-05 03:00:00,2,630,162.47916666666788,1,1,0.8486442574947509,0.5289640103269625,8.375,26.28
2022-04-05 07:00:00,3,551,-20.54166666666424,1,1,0.8486442574947509,0.5289640103269625,8.0,10.0
2022-04-05 11:00:00,4,583,-19.64583333333212,1,1,0.8486442574947509,0.5289640103269625,8.0,2.98
2022-04-05 15:00:00,5,496,55.39583333333576,1,1,0.8486442574947509,0.5289640103269625,8.0,70.0
2022-04-05 19:00:00,6,631,-159.33333333333212,1,1,0.8486442574947509,0.5289640103269625,8.0,55.0
2022-04-05 23:00:00,1,743,-8.72916666666788,2,1,0.8486442574947509,0.5289640103269625,7.625,37.0
2022-04-06 03:00:00,2,743,176.08333333333212,2,1,0.9377521321470804,0.3473052528448203,7.25,51.0
2022-04-06 07:00:00,3,659,-6.479166666664241,2,1,0.9377521321470804,0.3473052528448203,6.5,89.0
2022-04-06 11:00:00,4,697,-37.66666666666788,2,1,0.9377521321470804,0.3473052528448203,7.625,85.0
2022-04-06 15:00:00,5,516,91.45833333333576,2,1,0.9377521321470804,0.3473052528448203,7.75,103.0
2022-04-06 19:00:00,6,635,-186.5208333333321,2,1,0.9377521321470804,0.3473052528448203,7.0,79.99
2022-04-06 23:00:00,1,772,2.0,3,1,0.9377521321470804,0.3473052528448203,4.75,46.99
2022-04-07 03:00:00,2,794,141.08333333333212,3,1,0.9884683243281114,0.1514277775045767,4.375,62.99
2022-04-07 07:00:00,3,712,-24.97916666666788,3,1,0.9884683243281114,0.1514277775045767,5.5,104.0
2022-04-07 11:00:00,4,723,-23.1875,3,1,0.9884683243281114,0.1514277775045767,6.25,77.0
2022-04-07 15:00:00,5,541,107.85416666666424,3,1,0.9884683243281114,0.1514277775045767,5.5,81.98
2022-04-07 19:00:00,6,658,-141.66666666666788,3,1,0.9884683243281114,0.1514277775045767,2.5,47.91
2022-04-07 23:00:00,1,695,-24.70833333333212,4,1,0.9884683243281114,0.1514277775045767,1.375,2.6
2022-04-08 03:00:00,2,661,139.27083333333212,4,1,0.9987165071710528,-0.0506491688387126,1.625,1.2
2022-04-08 07:00:00,3,478,-26.3125,4,1,0.9987165071710528,-0.0506491688387126,3.5,0.99
2022-04-08 11:00:00,4,600,-64.10416666666788,4,1,0.9987165071710528,-0.0506491688387126,5.0,4.84
2022-04-08 15:00:00,5,531,87.89583333333212,4,1,0.9987165071710528,-0.0506491688387126,4.625,59.98
2022-04-08 19:00:00,6,607,-172.97916666666788,4,1,0.9987165071710528,-0.0506491688387126,2.0,10.23
2022-04-08 23:00:00,1,727,-7.270833333332121,5,0,0.9987165071710528,-0.0506491688387126,0.875,4.83
2022-04-09 03:00:00,2,745,68.5,5,0,0.9680771188662044,-0.2506525322587204,1.0,6.25
2022-04-09 07:00:00,3,828,-58.14583333333212,5,0,0.9680771188662044,-0.2506525322587204,2.5,15.48
2022-04-09 11:00:00,4,851,0.8333333333321207,5,0,0.9680771188662044,-0.2506525322587204,5.125,47.98
2022-04-09 15:00:00,5,648,120.66666666666788,5,0,0.9680771188662044,-0.2506525322587204,5.5,69.0
2022-04-09 19:00:00,6,485,-102.20833333333212,5,0,0.9680771188662044,-0.2506525322587204,4.0,2.49
2022-04-09 23:00:00,1,422,-24.75,6,0,0.9680771188662044,-0.2506525322587204,2.125,2.35
2022-04-10 03:00:00,2,431,12.1875,6,0,0.8978045395707416,-0.4403941515576344,2.25,2.55
2022-04-10 07:00:00,3,615,-15.16666666666788,6,0,0.8978045395707416,-0.4403941515576344,4.5,7.25
2022-04-10 11:00:00,4,618,30.08333333333212,6,0,0.8978045395707416,-0.4403941515576344,7.875,7.29
2022-04-10 15:00:00,5,596,91.6875,6,0,0.8978045395707416,-0.4403941515576344,8.875,58.62
2022-04-10 19:00:00,6,493,-150.5625,6,0,0.8978045395707416,-0.4403941515576344,8.5,4.09
2022-04-10 23:00:00,1,638,4.729166666667879,0,1,0.8978045395707416,-0.4403941515576344,6.625,3.0
2022-04-11 03:00:00,2,658,157.95833333333212,0,1,0.7907757369376989,-0.6121059825476625,6.375,3.77
2022-04-11 07:00:00,3,769,-85.27083333333212,0,1,0.7907757369376989,-0.6121059825476625,7.5,59.79
2022-04-11 11:00:00,4,816,24.33333333333212,0,1,0.7907757369376989,-0.6121059825476625,10.125,47.98
2022-04-11 15:00:00,5,625,60.60416666666788,0,1,0.7907757369376989,-0.6121059825476625,10.25,80.98
2022-04-11 19:00:00,6,694,-113.4375,0,1,0.7907757369376989,-0.6121059825476625,8.0,25.05
2022-04-11 23:00:00,1,759,-21.5,1,1,0.7907757369376989,-0.6121059825476625,6.5,1.5
2022-04-12 03:00:00,2,752,144.58333333333212,1,1,0.6513724827222223,-0.758758122692791,6.125,3.33
2022-04-12 07:00:00,3,485,7.4375,1,1,0.6513724827222223,-0.758758122692791,6.5,1.07
2022-04-12 11:00:00,4,570,6.166666666667879,1,1,0.6513724827222223,-0.758758122692791,8.0,0.92
2022-04-12 15:00:00,5,487,47.64583333333576,1,1,0.6513724827222223,-0.758758122692791,8.875,4.51
2022-04-12 19:00:00,6,495,-107.1875,1,1,0.6513724827222223,-0.758758122692791,10.0,1.5
2022-04-12 23:00:00,1,451,-29.08333333333212,2,1,0.6513724827222223,-0.758758122692791,9.625,1.22
2022-04-13 03:00:00,2,453,102.77083333333212,2,1,0.485301962531081,-0.8743466161445821,9.375,1.22
2022-04-13 07:00:00,3,596,19.14583333333576,2,1,0.485301962531081,-0.8743466161445821,9.0,10.55
2022-04-13 11:00:00,4,618,3.0,2,1,0.485301962531081,-0.8743466161445821,10.5,5.1
2022-04-13 15:00:00,5,512,52.47916666666424,2,1,0.485301962531081,-0.8743466161445821,10.875,12.97
2022-04-13 19:00:00,6,503,-145.4375,2,1,0.485301962531081,-0.8743466161445821,10.5,4.78
2022-04-13 23:00:00,1,415,-16.54166666666788,3,1,0.485301962531081,-0.8743466161445821,7.875,0.6
2022-04-14 03:00:00,2,457,79.66666666666788,3,1,0.299363122973358,-0.9541392564000488,7.625,1.54
2022-04-14 07:00:00,3,279,-13.52083333333212,3,1,0.299363122973358,-0.9541392564000488,9.5,0.5
2022-04-14 11:00:00,4,298,-0.5833333333321207,3,1,0.299363122973358,-0.9541392564000488,13.25,0.6
2022-04-14 15:00:00,5,304,47.41666666666788,3,1,0.299363122973358,-0.9541392564000488,13.625,1.0
2022-04-14 19:00:00,6,502,-73.66666666666788,3,1,0.299363122973358,-0.9541392564000488,11.0,8.55
2022-04-14 23:00:00,1,442,-28.91666666666788,4,1,0.299363122973358,-0.9541392564000488,8.375,0.63
2022-04-15 03:00:00,2,461,42.64583333333212,4,1,0.1011683219874327,-0.994869323391895,8.125,1.55
2022-04-15 07:00:00,3,637,-9.54166666666788,4,1,0.1011683219874327,-0.994869323391895,10.0,5.34
2022-04-15 11:00:00,4,659,-2.85416666666788,4,1,0.1011683219874327,-0.994869323391895,15.625,2.33
2022-04-15 15:00:00,5,558,89.875,4,1,0.1011683219874327,-0.994869323391895,16.875,9.34
2022-04-15 19:00:00,6,530,-117.29166666666788,4,1,0.1011683219874327,-0.994869323391895,15.0,4.48
2022-04-15 23:00:00,1,778,-17.60416666666788,5,0,0.1011683219874327,-0.994869323391895,12.375,1.61
2022-04-16 03:00:00,2,773,41.70833333333212,5,0,-0.101168321987432,-0.9948693233918952,10.625,1.61
2022-04-16 07:00:00,3,831,-29.29166666666788,5,0,-0.101168321987432,-0.9948693233918952,8.0,19.0
2022-04-16 11:00:00,4,880,12.5625,5,0,-0.101168321987432,-0.9948693233918952,14.75,24.0
2022-04-16 15:00:00,5,678,119.5625,5,0,-0.101168321987432,-0.9948693233918952,17.125,47.98
2022-04-16 19:00:00,6,656,-129.14583333333212,5,0,-0.101168321987432,-0.9948693233918952,17.5,2.5
2022-04-16 23:00:00,1,687,-25.29166666666788,6,0,-0.101168321987432,-0.9948693233918952,11.875,0.7
2022-04-17 03:00:00,2,806,41.64583333333212,6,0,-0.2993631229733582,-0.9541392564000488,10.25,1.0
2022-04-17 07:00:00,3,892,1.458333333332121,6,0,-0.2993631229733582,-0.9541392564000488,11.0,59.5
2022-04-17 11:00:00,4,915,17.8125,6,0,-0.2993631229733582,-0.9541392564000488,14.75,58.99
2022-04-17 15:00:00,5,682,48.875,6,0,-0.2993631229733582,-0.9541392564000488,16.125,62.5
2022-04-17 19:00:00,6,729,-78.72916666666788,6,0,-0.2993631229733582,-0.9541392564000488,16.5,39.98
2022-04-17 23:00:00,1,696,-36.3125,0,1,-0.2993631229733582,-0.9541392564000488,10.5,3.16
2022-04-18 03:00:00,2,691,52.58333333333212,0,1,-0.4853019625310809,-0.8743466161445822,8.625,1.08
2022-04-18 07:00:00,3,748,22.875,0,1,-0.4853019625310809,-0.8743466161445822,9.0,6.35
2022-04-18 11:00:00,4,854,13.875,0,1,-0.4853019625310809,-0.8743466161445822,10.125,5.29
2022-04-18 15:00:00,5,653,108.39583333333212,0,1,-0.4853019625310809,-0.8743466161445822,10.125,2.5
2022-04-18 19:00:00,6,518,-114.0625,0,1,-0.4853019625310809,-0.8743466161445822,9.0,1.08
2022-04-18 23:00:00,1,474,-1.583333333332121,1,1,-0.4853019625310809,-0.8743466161445822,6.75,0.65
2022-04-19 03:00:00,2,460,81.125,1,1,-0.651372482722222,-0.7587581226927911,6.5,1.43
2022-04-19 07:00:00,3,375,-7.458333333332121,1,1,-0.651372482722222,-0.7587581226927911,8.0,1.48
2022-04-19 11:00:00,4,249,1.875,1,1,-0.651372482722222,-0.7587581226927911,10.625,1.46
2022-04-19 15:00:00,5,257,58.08333333333212,1,1,-0.651372482722222,-0.7587581226927911,11.0,0.69
2022-04-19 19:00:00,6,480,-134.125,1,1,-0.651372482722222,-0.7587581226927911,9.5,5.33
2022-04-19 23:00:00,1,338,2.3333333333321207,2,1,-0.651372482722222,-0.7587581226927911,6.5,0.6
2022-04-20 03:00:00,2,343,116.33333333333212,2,1,-0.7907757369376986,-0.6121059825476628,6.25,1.0
2022-04-20 07:00:00,3,276,-66.375,2,1,-0.7907757369376986,-0.6121059825476628,8.5,1.49
2022-04-20 11:00:00,4,287,1.895833333332121,2,1,-0.7907757369376986,-0.6121059825476628,12.25,1.01
2022-04-20 15:00:00,5,296,79.27083333333212,2,1,-0.7907757369376986,-0.6121059825476628,12.75,2.15
2022-04-20 19:00:00,6,395,-145.8125,2,1,-0.7907757369376986,-0.6121059825476628,10.5,2.95
2022-04-20 23:00:00,1,381,-20.02083333333212,3,1,-0.7907757369376986,-0.6121059825476628,6.0,0.63
2022-04-21 03:00:00,2,368,132.95833333333212,3,1,-0.8978045395707417,-0.4403941515576342,5.375,0.6
2022-04-21 07:00:00,3,281,-90.5625,3,1,-0.8978045395707417,-0.4403941515576342,8.0,0.63
2022-04-21 11:00:00,4,407,5.166666666667879,3,1,-0.8978045395707417,-0.4403941515576342,12.125,0.67
2022-04-21 15:00:00,5,417,125.89583333333212,3,1,-0.8978045395707417,-0.4403941515576342,12.75,2.5
2022-04-21 19:00:00,6,402,-112.16666666666788,3,1,-0.8978045395707417,-0.4403941515576342,10.5,2.09
2022-04-21 23:00:00,1,436,-10.20833333333212,4,1,-0.8978045395707417,-0.4403941515576342,7.125,1.28
2022-04-22 03:00:00,2,439,137.54166666666788,4,1,-0.968077118866204,-0.2506525322587213,6.5,2.0
2022-04-22 07:00:00,3,391,-31.375,4,1,-0.968077118866204,-0.2506525322587213,8.0,2.0
2022-04-22 11:00:00,4,730,-27.6875,4,1,-0.968077118866204,-0.2506525322587213,12.5,16.98
2022-04-22 15:00:00,5,546,81.20833333333212,4,1,-0.968077118866204,-0.2506525322587213,12.125,47.98
2022-04-22 19:00:00,6,405,-132.83333333333212,4,1,-0.968077118866204,-0.2506525322587213,6.5,2.0
2022-04-22 23:00:00,1,449,-29.5625,5,0,-0.968077118866204,-0.2506525322587213,6.5,0.78
2022-04-23 03:00:00,2,458,40.70833333333212,5,0,-0.9987165071710528,-0.0506491688387135,6.875,0.77
2022-04-23 07:00:00,3,696,-5.25,5,0,-0.9987165071710528,-0.0506491688387135,8.0,3.53
2022-04-23 11:00:00,4,757,-14.39583333333212,5,0,-0.9987165071710528,-0.0506491688387135,10.25,4.1
2022-04-23 15:00:00,5,635,61.45833333333212,5,0,-0.9987165071710528,-0.0506491688387135,10.5,47.98
2022-04-23 19:00:00,6,424,-65.10416666666788,5,0,-0.9987165071710528,-0.0506491688387135,9.0,0.79
2022-04-23 23:00:00,1,693,-27.02083333333212,6,0,-0.9987165071710528,-0.0506491688387135,6.375,2.0
2022-04-24 03:00:00,2,800,28.5,6,0,-0.9884683243281114,0.1514277775045766,6.125,4.9
2022-04-24 07:00:00,3,876,-10.0625,6,0,-0.9884683243281114,0.1514277775045766,8.0,68.0
2022-04-24 11:00:00,4,877,21.16666666666788,6,0,-0.9884683243281114,0.1514277775045766,10.25,59.0
2022-04-24 15:00:00,5,664,112.0,6,0,-0.9884683243281114,0.1514277775045766,10.0,73.0
2022-04-24 19:00:00,6,517,-71.25,6,0,-0.9884683243281114,0.1514277775045766,7.0,1.5
2022-04-24 23:00:00,1,621,-39.25,0,1,-0.9884683243281114,0.1514277775045766,4.375,2.83
2022-04-25 03:00:00,2,605,207.625,0,1,-0.9377521321470804,0.3473052528448203,3.75,6.37
2022-04-25 07:00:00,3,599,-11.66666666666788,0,1,-0.9377521321470804,0.3473052528448203,4.5,6.87
2022-04-25 11:00:00,4,602,-29.75,0,1,-0.9377521321470804,0.3473052528448203,8.25,2.78
2022-04-25 15:00:00,5,591,63.97916666666788,0,1,-0.9377521321470804,0.3473052528448203,9.25,13.77
2022-04-25 19:00:00,6,482,-68.58333333333212,0,1,-0.9377521321470804,0.3473052528448203,8.5,7.89
2022-04-25 23:00:00,1,418,-8.64583333333212,1,1,-0.9377521321470804,0.3473052528448203,5.875,2.65
2022-04-26 03:00:00,2,510,100.52083333333212,1,1,-0.848644257494751,0.5289640103269624,5.625,4.77
2022-04-26 07:00:00,3,273,-60.875,1,1,-0.848644257494751,0.5289640103269624,7.5,2.73
2022-04-26 11:00:00,4,279,29.27083333333212,1,1,-0.848644257494751,0.5289640103269624,9.75,1.5
2022-04-26 15:00:00,5,284,39.60416666666424,1,1,-0.848644257494751,0.5289640103269624,9.625,13.7
2022-04-26 19:00:00,6,486,-91.52083333333212,1,1,-0.848644257494751,0.5289640103269624,7.0,3.83
2022-04-26 23:00:00,1,408,-19.95833333333212,2,1,-0.848644257494751,0.5289640103269624,3.625,1.2
2022-04-27 03:00:00,2,452,76.45833333333212,2,1,-0.72479278722912,0.6889669190756864,2.875,3.06
2022-04-27 07:00:00,3,263,-12.08333333333576,2,1,-0.72479278722912,0.6889669190756864,4.0,1.93
2022-04-27 11:00:00,4,280,-6.208333333332121,2,1,-0.72479278722912,0.6889669190756864,6.25,0.82
2022-04-27 15:00:00,5,290,39.27083333333576,2,1,-0.72479278722912,0.6889669190756864,6.75,2.57
2022-04-27 19:00:00,6,386,-90.08333333333212,2,1,-0.72479278722912,0.6889669190756864,6.0,2.45
2022-04-27 23:00:00,1,392,-1.729166666667879,3,1,-0.72479278722912,0.6889669190756864,4.875,0.79
2022-04-28 03:00:00,2,449,75.97916666666788,3,1,-0.5712682150947924,0.8207634412072763,4.625,2.49
2022-04-28 07:00:00,3,257,-11.35416666666424,3,1,-0.5712682150947924,0.8207634412072763,5.0,2.1
2022-04-28 11:00:00,4,267,-9.6875,3,1,-0.5712682150947924,0.8207634412072763,6.5,2.13
2022-04-28 15:00:00,5,276,31.77083333333576,3,1,-0.5712682150947924,0.8207634412072763,6.875,2.0
2022-04-28 19:00:00,6,384,-69.41666666666788,3,1,-0.5712682150947924,0.8207634412072763,6.5,2.58
2022-04-28 23:00:00,1,371,0.2083333333321206,4,1,-0.5712682150947924,0.8207634412072763,4.25,0.83
2022-04-29 03:00:00,2,446,62.83333333333212,4,1,-0.3943558551133187,0.9189578116202306,4.625,2.95
2022-04-29 07:00:00,3,256,-29.97916666666788,4,1,-0.3943558551133187,0.9189578116202306,8.0,1.69
2022-04-29 11:00:00,4,280,-22.83333333333212,4,1,-0.3943558551133187,0.9189578116202306,11.375,1.17
2022-04-29 15:00:00,5,297,57.29166666666788,4,1,-0.3943558551133187,0.9189578116202306,11.375,2.95
2022-04-29 19:00:00,6,383,-92.47916666666788,4,1,-0.3943558551133187,0.9189578116202306,8.0,2.5
2022-04-29 23:00:00,1,390,3.8541666666678793,5,0,-0.3943558551133187,0.9189578116202306,5.0,1.45
2022-04-30 03:00:00,2,460,19.95833333333212,5,0,-0.2012985200886611,0.9795299412524944,5.125,1.49
2022-04-30 07:00:00,3,649,-36.58333333333212,5,0,-0.2012985200886611,0.9795299412524944,8.5,2.99
2022-04-30 11:00:00,4,669,8.0,5,0,-0.2012985200886611,0.9795299412524944,11.5,1.36
2022-04-30 15:00:00,5,645,58.35416666666788,5,0,-0.2012985200886611,0.9795299412524944,11.75,39.77
2022-04-30 19:00:00,6,529,-66.41666666666788,5,0,-0.2012985200886611,0.9795299412524944,9.5,4.95
2022-04-30 23:00:00,1,454,-17.625,6,0,-0.2012985200886611,0.9795299412524944,7.625,0.71
2022-05-01 03:00:00,2,469,28.22916666666788,6,0,0.20129852008866,0.9795299412524944,7.375,0.71
2022-05-01 07:00:00,3,479,3.6041666666678793,6,0,0.20129852008866,0.9795299412524944,8.5,2.4
2022-05-01 11:00:00,4,466,-3.3125,6,0,0.20129852008866,0.9795299412524944,10.75,1.49
2022-05-01 15:00:00,5,336,46.39583333333212,6,0,0.20129852008866,0.9795299412524944,11.25,1.16
2022-05-01 19:00:00,6,325,-62.83333333333212,6,0,0.20129852008866,0.9795299412524944,10.5,1.16
2022-05-01 23:00:00,1,455,-9.25,0,1,0.20129852008866,0.9795299412524944,9.375,0.71
2022-05-02 03:00:00,2,468,49.3125,0,1,0.3943558551133185,0.9189578116202306,9.25,1.43
2022-05-02 07:00:00,3,576,3.35416666666788,0,1,0.3943558551133185,0.9189578116202306,10.0,5.27
2022-05-02 11:00:00,4,494,9.25,0,1,0.3943558551133185,0.9189578116202306,11.125,2.94
2022-05-02 15:00:00,5,361,59.5625,0,1,0.3943558551133185,0.9189578116202306,10.75,2.72
2022-05-02 19:00:00,6,436,-104.8125,0,1,0.3943558551133185,0.9189578116202306,8.5,4.95
2022-05-02 23:00:00,1,455,-1.5,1,1,0.3943558551133185,0.9189578116202306,6.625,1.5
2022-05-03 03:00:00,2,461,88.8125,1,1,0.5712682150947923,0.8207634412072763,6.25,1.95
2022-05-03 07:00:00,3,321,-0.5625,1,1,0.5712682150947923,0.8207634412072763,7.0,0.79
2022-05-03 11:00:00,4,258,-6.4375,1,1,0.5712682150947923,0.8207634412072763,9.625,0.71
2022-05-03 15:00:00,5,329,42.1875,1,1,0.5712682150947923,0.8207634412072763,10.625,1.14
2022-05-03 19:00:00,6,418,-92.64583333333212,1,1,0.5712682150947923,0.8207634412072763,11.0,4.86
2022-05-03 23:00:00,1,449,28.89583333333212,2,1,0.5712682150947923,0.8207634412072763,9.875,1.49
2022-05-04 03:00:00,2,454,80.45833333333212,2,1,0.7247927872291199,0.6889669190756866,9.875,2.95
2022-05-04 07:00:00,3,305,-18.83333333333576,2,1,0.7247927872291199,0.6889669190756866,11.0,3.41
2022-05-04 11:00:00,4,492,51.33333333333576,2,1,0.7247927872291199,0.6889669190756866,12.125,5.4
2022-05-04 15:00:00,5,560,-0.0416666666642413,2,1,0.7247927872291199,0.6889669190756866,11.875,12.25
2022-05-04 19:00:00,6,416,-117.1875,2,1,0.7247927872291199,0.6889669190756866,10.0,4.84
2022-05-04 23:00:00,1,449,-7.916666666667879,3,1,0.7247927872291199,0.6889669190756866,7.0,1.5
2022-05-05 03:00:00,2,455,110.9375,3,1,0.8486442574947509,0.5289640103269625,7.0,4.05
2022-05-05 07:00:00,3,317,-56.8125,3,1,0.8486442574947509,0.5289640103269625,10.0,5.95
2022-05-05 11:00:00,4,273,0.375,3,1,0.8486442574947509,0.5289640103269625,13.0,1.16
2022-05-05 15:00:00,5,405,28.79166666666424,3,1,0.8486442574947509,0.5289640103269625,13.5,9.84
2022-05-05 19:00:00,6,415,-103.89583333333212,3,1,0.8486442574947509,0.5289640103269625,12.0,11.51
2022-05-05 23:00:00,1,609,-12.4375,4,1,0.8486442574947509,0.5289640103269625,10.875,2.5
2022-05-06 03:00:00,2,627,117.70833333333212,4,1,0.9377521321470804,0.3473052528448203,10.625,3.86
2022-05-06 07:00:00,3,632,-42.10416666666788,4,1,0.9377521321470804,0.3473052528448203,11.0,14.84
2022-05-06 11:00:00,4,585,21.8125,4,1,0.9377521321470804,0.3473052528448203,11.75,4.3
2022-05-06 15:00:00,5,547,32.14583333333576,4,1,0.9377521321470804,0.3473052528448203,12.0,11.94
2022-05-06 19:00:00,6,421,-95.875,4,1,0.9377521321470804,0.3473052528448203,12.0,9.95
2022-05-06 23:00:00,1,452,-34.75,5,0,0.9377521321470804,0.3473052528448203,8.25,2.6
2022-05-07 03:00:00,2,466,12.5625,5,0,0.9884683243281114,0.1514277775045767,7.25,2.95
2022-05-07 07:00:00,3,572,-14.6875,5,0,0.9884683243281114,0.1514277775045767,8.0,6.24
2022-05-07 11:00:00,4,642,35.20833333333212,5,0,0.9884683243281114,0.1514277775045767,11.0,2.95
2022-05-07 15:00:00,5,610,69.29166666666788,5,0,0.9884683243281114,0.1514277775045767,11.375,2.95
2022-05-07 19:00:00,6,434,-83.6875,5,0,0.9884683243281114,0.1514277775045767,9.5,4.95
2022-05-07 23:00:00,1,495,-9.79166666666788,6,0,0.9884683243281114,0.1514277775045767,6.5,0.61
2022-05-08 03:00:00,2,748,1.458333333332121,6,0,0.9987165071710528,-0.0506491688387126,6.125,2.95
2022-05-08 07:00:00,3,798,-6.125,6,0,0.9987165071710528,-0.0506491688387126,8.0,47.0
2022-05-08 11:00:00,4,820,1.145833333332121,6,0,0.9987165071710528,-0.0506491688387126,12.875,44.0
2022-05-08 15:00:00,5,706,92.45833333333212,6,0,0.9987165071710528,-0.0506491688387126,14.125,59.0
2022-05-08 19:00:00,6,433,-64.85416666666788,6,0,0.9987165071710528,-0.0506491688387126,13.0,2.5
2022-05-08 23:00:00,1,626,-14.0,0,1,0.9987165071710528,-0.0506491688387126,10.0,41.0
2022-05-09 03:00:00,2,480,133.20833333333212,0,1,0.9680771188662044,-0.2506525322587204,9.25,50.0
2022-05-09 07:00:00,3,491,-49.79166666666788,0,1,0.9680771188662044,-0.2506525322587204,10.0,55.0
2022-05-09 11:00:00,4,649,47.70833333333212,0,1,0.9680771188662044,-0.2506525322587204,14.875,52.0
2022-05-09 15:00:00,5,501,28.5625,0,1,0.9680771188662044,-0.2506525322587204,16.0,19.27
2022-05-09 19:00:00,6,492,-154.14583333333212,0,1,0.9680771188662044,-0.2506525322587204,14.5,32.0
2022-05-09 23:00:00,1,762,-22.25,1,1,0.9680771188662044,-0.2506525322587204,12.625,19.0
2022-05-10 03:00:00,2,756,158.52083333333212,1,1,0.8978045395707416,-0.4403941515576344,11.5,10.8
2022-05-10 07:00:00,3,831,-63.72916666666788,1,1,0.8978045395707416,-0.4403941515576344,10.0,80.0
2022-05-10 11:00:00,4,858,-27.75,1,1,0.8978045395707416,-0.4403941515576344,13.75,42.0
2022-05-10 15:00:00,5,692,55.27083333333212,1,1,0.8978045395707416,-0.4403941515576344,14.375,80.0
2022-05-10 19:00:00,6,578,-97.16666666666788,1,1,0.8978045395707416,-0.4403941515576344,12.5,39.9
2022-05-10 23:00:00,1,805,-6.354166666667879,2,1,0.8978045395707416,-0.4403941515576344,10.625,3.41
2022-05-11 03:00:00,2,816,99.22916666666788,2,1,0.7907757369376989,-0.6121059825476625,10.0,4.95
2022-05-11 07:00:00,3,839,3.0208333333321207,2,1,0.7907757369376989,-0.6121059825476625,10.0,12.9
2022-05-11 11:00:00,4,828,-68.47916666666788,2,1,0.7907757369376989,-0.6121059825476625,11.125,5.52
2022-05-11 15:00:00,5,650,66.97916666666788,2,1,0.7907757369376989,-0.6121059825476625,11.125,7.05
2022-05-11 19:00:00,6,420,-106.70833333333212,2,1,0.7907757369376989,-0.6121059825476625,10.0,0.84
2022-05-11 23:00:00,1,669,-27.20833333333212,3,1,0.7907757369376989,-0.6121059825476625,8.5,2.95
2022-05-12 03:00:00,2,732,124.6875,3,1,0.6513724827222223,-0.758758122692791,8.375,19.9
2022-05-12 07:00:00,3,656,-28.5,3,1,0.6513724827222223,-0.758758122692791,9.5,29.9
2022-05-12 11:00:00,4,669,20.5625,3,1,0.6513724827222223,-0.758758122692791,11.375,35.0
2022-05-12 15:00:00,5,594,85.10416666666424,3,1,0.6513724827222223,-0.758758122692791,11.75,78.0
2022-05-12 19:00:00,6,550,-150.41666666666788,3,1,0.6513724827222223,-0.758758122692791,11.0,19.9
2022-05-12 23:00:00,1,781,-24.04166666666788,4,1,0.6513724827222223,-0.758758122692791,9.5,14.0
2022-05-13 03:00:00,2,786,90.10416666666788,4,1,0.485301962531081,-0.8743466161445821,9.5,24.9
2022-05-13 07:00:00,3,876,-86.66666666666788,4,1,0.485301962531081,-0.8743466161445821,11.0,95.0
2022-05-13 11:00:00,4,883,2.0,4,1,0.485301962531081,-0.8743466161445821,13.625,70.0
2022-05-13 15:00:00,5,667,86.375,4,1,0.485301962531081,-0.8743466161445821,13.875,49.9
2022-05-13 19:00:00,6,646,-77.77083333333212,4,1,0.485301962531081,-0.8743466161445821,12.0,39.98
2022-05-13 23:00:00,1,553,-34.27083333333212,5,0,0.485301962531081,-0.8743466161445821,10.125,3.08
2022-05-14 03:00:00,2,569,36.08333333333212,5,0,0.299363122973358,-0.9541392564000488,10.125,2.49
2022-05-14 07:00:00,3,564,-46.89583333333212,5,0,0.299363122973358,-0.9541392564000488,12.0,2.95
2022-05-14 11:00:00,4,538,-6.979166666667879,5,0,0.299363122973358,-0.9541392564000488,16.875,1.2
2022-05-14 15:00:00,5,592,84.0,5,0,0.299363122973358,-0.9541392564000488,17.625,12.53
2022-05-14 19:00:00,6,334,-46.4375,5,0,0.299363122973358,-0.9541392564000488,15.0,1.08
2022-05-14 23:00:00,1,496,-36.29166666666788,6,0,0.299363122973358,-0.9541392564000488,12.375,0.7
2022-05-15 03:00:00,2,668,11.0625,6,0,0.1011683219874327,-0.994869323391895,11.625,1.71
2022-05-15 07:00:00,3,749,1.8125,6,0,0.1011683219874327,-0.994869323391895,12.0,32.0
2022-05-15 11:00:00,4,827,55.1875,6,0,0.1011683219874327,-0.994869323391895,15.375,29.9
2022-05-15 15:00:00,5,640,70.45833333333212,6,0,0.1011683219874327,-0.994869323391895,15.625,72.99
2022-05-15 19:00:00,6,551,-95.58333333333212,6,0,0.1011683219874327,-0.994869323391895,13.0,5.4
2022-05-15 23:00:00,1,701,-34.3125,0,1,0.1011683219874327,-0.994869323391895,10.75,4.45
2022-05-16 03:00:00,2,799,140.875,0,1,-0.101168321987432,-0.9948693233918952,10.125,4.95
2022-05-16 07:00:00,3,651,-9.89583333333576,0,1,-0.101168321987432,-0.9948693233918952,10.5,8.24
2022-05-16 11:00:00,4,829,-20.35416666666788,0,1,-0.101168321987432,-0.9948693233918952,14.25,3.55
2022-05-16 15:00:00,5,741,52.22916666666788,0,1,-0.101168321987432,-0.9948693233918952,15.5,29.9
2022-05-16 19:00:00,6,423,-112.54166666666788,0,1,-0.101168321987432,-0.9948693233918952,15.5,2.95
2022-05-16 23:00:00,1,582,-37.5625,1,1,-0.101168321987432,-0.9948693233918952,12.125,1.0
2022-05-17 03:00:00,2,606,137.8125,1,1,-0.2993631229733582,-0.9541392564000488,12.0,2.82
2022-05-17 07:00:00,3,587,-27.52083333333212,1,1,-0.2993631229733582,-0.9541392564000488,15.0,2.95
2022-05-17 11:00:00,4,809,29.60416666666788,1,1,-0.2993631229733582,-0.9541392564000488,18.0,3.95
2022-05-17 15:00:00,5,677,44.77083333333576,1,1,-0.2993631229733582,-0.9541392564000488,18.25,35.0
2022-05-17 19:00:00,6,550,-143.27083333333212,1,1,-0.2993631229733582,-0.9541392564000488,16.0,4.95
2022-05-17 23:00:00,1,790,6.875,2,1,-0.2993631229733582,-0.9541392564000488,12.625,2.0
2022-05-18 03:00:00,2,768,94.5625,2,1,-0.4853019625310809,-0.8743466161445822,12.125,35.0
2022-05-18 07:00:00,3,798,-36.8125,2,1,-0.4853019625310809,-0.8743466161445822,14.0,50.0
2022-05-18 11:00:00,4,811,37.79166666666788,2,1,-0.4853019625310809,-0.8743466161445822,16.625,39.9
2022-05-18 15:00:00,5,602,89.83333333333212,2,1,-0.4853019625310809,-0.8743466161445822,16.75,39.9
2022-05-18 19:00:00,6,550,-106.875,2,1,-0.4853019625310809,-0.8743466161445822,14.5,49.9
2022-05-18 23:00:00,1,750,-40.08333333333212,3,1,-0.4853019625310809,-0.8743466161445822,11.5,1.95
2022-05-19 03:00:00,2,725,120.875,3,1,-0.651372482722222,-0.7587581226927911,10.375,1.95
2022-05-19 07:00:00,3,661,-19.35416666666788,3,1,-0.651372482722222,-0.7587581226927911,10.0,2.95
2022-05-19 11:00:00,4,616,-6.604166666667879,3,1,-0.651372482722222,-0.7587581226927911,14.5,3.1
2022-05-19 15:00:00,5,632,63.25,3,1,-0.651372482722222,-0.7587581226927911,15.375,30.0
2022-05-19 19:00:00,6,426,-108.625,3,1,-0.651372482722222,-0.7587581226927911,13.5,0.85
2022-05-19 23:00:00,1,616,-18.6875,4,1,-0.651372482722222,-0.7587581226927911,10.5,5.99
2022-05-20 03:00:00,2,619,108.64583333333212,4,1,-0.7907757369376986,-0.6121059825476628,10.375,4.25
2022-05-20 07:00:00,3,545,-24.95833333333212,4,1,-0.7907757369376986,-0.6121059825476628,13.0,11.52
2022-05-20 11:00:00,4,584,-24.22916666666788,4,1,-0.7907757369376986,-0.6121059825476628,13.375,7.0
2022-05-20 15:00:00,5,606,62.22916666666788,4,1,-0.7907757369376986,-0.6121059825476628,12.75,30.0
2022-05-20 19:00:00,6,533,-131.33333333333212,4,1,-0.7907757369376986,-0.6121059825476628,10.5,7.0
2022-05-20 23:00:00,1,678,-33.8125,5,0,-0.7907757369376986,-0.6121059825476628,9.75,1.95
2022-05-21 03:00:00,2,780,41.0,5,0,-0.8978045395707417,-0.4403941515576342,9.75,1.95
2022-05-21 07:00:00,3,847,-1.666666666667879,5,0,-0.8978045395707417,-0.4403941515576342,10.5,25.0
2022-05-21 11:00:00,4,858,-36.85416666666788,5,0,-0.8978045395707417,-0.4403941515576342,12.75,20.0
2022-05-21 15:00:00,5,701,97.22916666666788,5,0,-0.8978045395707417,-0.4403941515576342,13.125,35.0
2022-05-21 19:00:00,6,456,-69.0625,5,0,-0.8978045395707417,-0.4403941515576342,12.0,1.99
2022-05-21 23:00:00,1,692,-36.6875,6,0,-0.8978045395707417,-0.4403941515576342,10.875,1.1
2022-05-22 03:00:00,2,818,3.04166666666788,6,0,-0.968077118866204,-0.2506525322587213,10.875,10.0
2022-05-22 07:00:00,3,854,-8.5625,6,0,-0.968077118866204,-0.2506525322587213,12.0,45.0
2022-05-22 11:00:00,4,883,27.5625,6,0,-0.968077118866204,-0.2506525322587213,15.75,23.75
2022-05-22 15:00:00,5,750,118.22916666666788,6,0,-0.968077118866204,-0.2506525322587213,16.375,39.82
2022-05-22 19:00:00,6,442,-72.60416666666788,6,0,-0.968077118866204,-0.2506525322587213,14.5,1.1
2022-05-22 23:00:00,1,645,-34.125,0,1,-0.968077118866204,-0.2506525322587213,11.875,1.23
2022-05-23 03:00:00,2,652,75.41666666666788,0,1,-0.9987165071710528,-0.0506491688387135,11.25,1.95
2022-05-23 07:00:00,3,519,44.08333333333212,0,1,-0.9987165071710528,-0.0506491688387135,12.0,1.23
2022-05-23 11:00:00,4,446,-7.4375,0,1,-0.9987165071710528,-0.0506491688387135,12.75,1.23
2022-05-23 15:00:00,5,532,8.6875,0,1,-0.9987165071710528,-0.0506491688387135,12.5,3.76
2022-05-23 19:00:00,6,425,-77.41666666666788,0,1,-0.9987165071710528,-0.0506491688387135,11.0,2.45
2022-05-23 23:00:00,1,633,-35.125,1,1,-0.9987165071710528,-0.0506491688387135,9.125,1.95
2022-05-24 03:00:00,2,677,109.9375,1,1,-0.9884683243281114,0.1514277775045766,8.75,3.55
2022-05-24 07:00:00,3,635,-8830.708333333332,1,1,-0.9884683243281114,0.1514277775045766,9.5,5.1
2022-05-24 11:00:00,4,598,-1074.729166666668,1,1,-0.9884683243281114,0.1514277775045766,11.375,3.95
2022-05-24 15:00:00,5,598,54.625,1,1,-0.9884683243281114,0.1514277775045766,11.75,45.0
2022-05-24 19:00:00,6,421,-66.10416666666788,1,1,-0.9884683243281114,0.1514277775045766,11.0,1.99
2022-05-24 23:00:00,1,632,-36.29166666666788,2,1,-0.9884683243281114,0.1514277775045766,9.875,1.95
2022-05-25 03:00:00,2,701,96.29166666666788,2,1,-0.9377521321470804,0.3473052528448203,9.875,2.45
2022-05-25 07:00:00,3,741,-6.895833333332121,2,1,-0.9377521321470804,0.3473052528448203,11.0,4.95
2022-05-25 11:00:00,4,838,-16.83333333333212,2,1,-0.9377521321470804,0.3473052528448203,12.125,40.0
2022-05-25 15:00:00,5,651,9.60416666666788,2,1,-0.9377521321470804,0.3473052528448203,12.625,74.99
2022-05-25 19:00:00,6,639,-96.45833333333212,2,1,-0.9377521321470804,0.3473052528448203,13.0,17.06
2022-05-25 23:00:00,1,690,-18.16666666666788,3,1,-0.9377521321470804,0.3473052528448203,10.75,1.95
2022-05-26 03:00:00,2,788,116.10416666666788,3,1,-0.848644257494751,0.5289640103269624,10.375,5.0
2022-05-26 07:00:00,3,831,8.29166666666788,3,1,-0.848644257494751,0.5289640103269624,11.5,34.0
2022-05-26 11:00:00,4,870,-10.70833333333212,3,1,-0.848644257494751,0.5289640103269624,13.0,68.0
2022-05-26 15:00:00,5,655,22.97916666666788,3,1,-0.848644257494751,0.5289640103269624,13.125,84.0
2022-05-26 19:00:00,6,643,-80.875,3,1,-0.848644257494751,0.5289640103269624,12.0,15.0
2022-05-26 23:00:00,1,728,5.666666666667879,4,1,-0.848644257494751,0.5289640103269624,9.0,3.49
2022-05-27 03:00:00,2,779,43.22916666666788,4,1,-0.72479278722912,0.6889669190756864,8.5,9.9
2022-05-27 07:00:00,3,855,-45.02083333333212,4,1,-0.72479278722912,0.6889669190756864,10.0,65.01
2022-05-27 11:00:00,4,864,-0.1041666666678793,4,1,-0.72479278722912,0.6889669190756864,11.5,69.95
2022-05-27 15:00:00,5,654,86.16666666666788,4,1,-0.72479278722912,0.6889669190756864,11.375,74.99
2022-05-27 19:00:00,6,643,-75.85416666666788,4,1,-0.72479278722912,0.6889669190756864,9.5,39.95
2022-05-27 23:00:00,1,680,-34.20833333333212,5,0,-0.72479278722912,0.6889669190756864,7.25,2.95
2022-05-28 03:00:00,2,801,37.77083333333212,5,0,-0.5712682150947924,0.8207634412072763,7.25,9.9
2022-05-28 07:00:00,3,868,-15.0625,5,0,-0.5712682150947924,0.8207634412072763,9.5,64.9
2022-05-28 11:00:00,4,880,-14.77083333333212,5,0,-0.5712682150947924,0.8207634412072763,12.5,77.0
2022-05-28 15:00:00,5,722,95.27083333333212,5,0,-0.5712682150947924,0.8207634412072763,12.625,74.9
2022-05-28 19:00:00,6,649,-89.75,5,0,-0.5712682150947924,0.8207634412072763,10.0,2.67
2022-05-28 23:00:00,1,776,-42.39583333333212,6,0,-0.5712682150947924,0.8207634412072763,7.375,1.95
2022-05-29 03:00:00,2,848,14.52083333333212,6,0,-0.3943558551133187,0.9189578116202306,6.875,45.0
2022-05-29 07:00:00,3,897,45.89583333333212,6,0,-0.3943558551133187,0.9189578116202306,8.0,54.9
2022-05-29 11:00:00,4,909,14.5625,6,0,-0.3943558551133187,0.9189578116202306,9.875,64.9
2022-05-29 15:00:00,5,749,44.41666666666788,6,0,-0.3943558551133187,0.9189578116202306,10.125,64.9
2022-05-29 19:00:00,6,656,-49.02083333333212,6,0,-0.3943558551133187,0.9189578116202306,9.0,3.76
2022-05-29 23:00:00,1,718,-18.70833333333212,0,1,-0.3943558551133187,0.9189578116202306,8.25,3.64
2022-05-30 03:00:00,2,717,59.20833333333212,0,1,-0.2012985200886611,0.9795299412524944,8.125,15.0
2022-05-30 07:00:00,3,671,19.95833333333212,0,1,-0.2012985200886611,0.9795299412524944,8.5,17.47
2022-05-30 11:00:00,4,588,19.25,0,1,-0.2012985200886611,0.9795299412524944,9.625,5.95
2022-05-30 15:00:00,5,646,30.375,0,1,-0.2012985200886611,0.9795299412524944,9.75,22.25
2022-05-30 19:00:00,6,545,-64.79166666666788,0,1,-0.2012985200886611,0.9795299412524944,9.0,6.34
2022-05-30 23:00:00,1,426,-4.375,1,1,-0.2012985200886611,0.9795299412524944,7.5,0.8
2022-05-31 03:00:00,2,442,23.47916666666788,1,1,-2.4492935982947064e-16,1.0,7.5,1.05
2022-05-31 07:00:00,3,483,5.0625,1,1,-2.4492935982947064e-16,1.0,9.0,1.64
2022-05-31 11:00:00,4,478,22.54166666666788,1,1,-2.4492935982947064e-16,1.0,9.75,1.96
2022-05-31 15:00:00,5,559,22.35416666666788,1,1,-2.4492935982947064e-16,1.0,9.625,5.02
2022-05-31 19:00:00,6,388,-57.25,1,1,-2.4492935982947064e-16,1.0,8.5,2.49
2022-05-31 23:00:00,1,560,-13.79166666666788,2,1,-2.4492935982947064e-16,1.0,7.375,1.51
2022-06-01 03:00:00,2,555,39.54166666666788,2,1,0.20129852008866,0.9795299412524944,7.75,14.9
2022-06-01 07:00:00,3,554,-2.6458333333321207,2,1,0.20129852008866,0.9795299412524944,10.0,34.8
2022-06-01 11:00:00,4,661,-13.35416666666788,2,1,0.20129852008866,0.9795299412524944,12.25,34.8
2022-06-01 15:00:00,5,537,46.60416666666788,2,1,0.20129852008866,0.9795299412524944,13.0,34.8
2022-06-01 19:00:00,6,540,-46.02083333333212,2,1,0.20129852008866,0.9795299412524944,13.0,12.75
2022-06-01 23:00:00,1,584,-13.54166666666788,3,1,0.20129852008866,0.9795299412524944,12.666666666666666,1.5
2022-06-02 03:00:00,2,611,9.1875,3,1,0.3943558551133185,0.9189578116202306,12.444444444444445,1.95
2022-06-02 07:00:00,3,790,-7.375,3,1,0.3943558551133185,0.9189578116202306,12.11111111111111,4.95
2022-06-02 11:00:00,4,795,-3.9791666666678793,3,1,0.3943558551133185,0.9189578116202306,11.77777777777778,3.95
2022-06-02 15:00:00,5,678,68.60416666666788,3,1,0.3943558551133185,0.9189578116202306,11.555555555555555,8.9
2022-06-02 19:00:00,6,585,-53.125,3,1,0.3943558551133185,0.9189578116202306,11.22222222222222,5.49
2022-06-02 23:00:00,1,734,-9.95833333333212,4,1,0.3943558551133185,0.9189578116202306,10.88888888888889,29.9
2022-06-03 03:00:00,2,780,25.20833333333212,4,1,0.5712682150947923,0.8207634412072763,10.666666666666668,2.49
2022-06-03 07:00:00,3,834,-10.8125,4,1,0.5712682150947923,0.8207634412072763,10.333333333333332,54.9
2022-06-03 11:00:00,4,888,18.60416666666788,4,1,0.5712682150947923,0.8207634412072763,10.0,44.49
2022-06-03 15:00:00,5,721,46.97916666666788,4,1,0.5712682150947923,0.8207634412072763,9.77777777777778,39.9
2022-06-03 19:00:00,6,640,-79.27083333333212,4,1,0.5712682150947923,0.8207634412072763,9.444444444444445,49.9
2022-06-03 23:00:00,1,745,-22.5625,5,0,0.5712682150947923,0.8207634412072763,9.11111111111111,39.9
2022-06-04 03:00:00,2,795,30.60416666666788,5,0,0.7247927872291199,0.6889669190756866,9.25,39.9
2022-06-04 07:00:00,3,880,12.10416666666788,5,0,0.7247927872291199,0.6889669190756866,10.0,59.49
2022-06-04 11:00:00,4,891,-26.25,5,0,0.7247927872291199,0.6889669190756866,11.125,54.9
2022-06-04 15:00:00,5,730,60.97916666666788,5,0,0.7247927872291199,0.6889669190756866,11.125,69.9
2022-06-04 19:00:00,6,685,-64.83333333333212,5,0,0.7247927872291199,0.6889669190756866,10.0,49.9
2022-06-04 23:00:00,1,790,-6.8125,6,0,0.7247927872291199,0.6889669190756866,8.125,29.9
2022-06-05 03:00:00,2,836,5.395833333332121,6,0,0.8486442574947509,0.5289640103269625,7.75,9.9
2022-06-05 07:00:00,3,848,34.04166666666788,6,0,0.8486442574947509,0.5289640103269625,8.5,59.49
2022-06-05 11:00:00,4,785,11.875,6,0,0.8486442574947509,0.5289640103269625,10.0,3.95
2022-06-05 15:00:00,5,693,34.79166666666788,6,0,0.8486442574947509,0.5289640103269625,10.25,39.9
2022-06-05 19:00:00,6,586,-96.97916666666788,6,0,0.8486442574947509,0.5289640103269625,9.5,4.35
2022-06-05 23:00:00,1,738,-13.0,0,1,0.8486442574947509,0.5289640103269625,8.75,39.9
2022-06-06 03:00:00,2,784,79.1875,0,1,0.9377521321470804,0.3473052528448203,9.0,9.9
2022-06-06 07:00:00,3,599,31.39583333333212,0,1,0.9377521321470804,0.3473052528448203,10.5,1.95
2022-06-06 11:00:00,4,611,-17.625,0,1,0.9377521321470804,0.3473052528448203,12.375,4.45
2022-06-06 15:00:00,5,611,34.375,0,1,0.9377521321470804,0.3473052528448203,12.625,7.69
2022-06-06 19:00:00,6,566,-63.16666666666788,0,1,0.9377521321470804,0.3473052528448203,11.5,3.95
2022-06-06 23:00:00,1,678,-29.04166666666788,1,1,0.9377521321470804,0.3473052528448203,8.125,39.9
2022-06-07 03:00:00,2,674,105.64583333333212,1,1,0.9884683243281114,0.1514277775045767,8.0,49.9
2022-06-07 07:00:00,3,633,-10.27083333333212,1,1,0.9884683243281114,0.1514277775045767,11.0,4.37
2022-06-07 11:00:00,4,612,-5.875,1,1,0.9884683243281114,0.1514277775045767,15.5,3.95
2022-06-07 15:00:00,5,568,32.8125,1,1,0.9884683243281114,0.1514277775045767,16.5,49.9
2022-06-07 19:00:00,6,469,-86.3125,1,1,0.9884683243281114,0.1514277775045767,15.0,29.9
2022-06-07 23:00:00,1,785,-8.14583333333212,2,1,0.9884683243281114,0.1514277775045767,12.75,3.55
2022-06-08 03:00:00,2,779,101.52083333333212,2,1,0.9987165071710528,-0.0506491688387126,12.375,9.9
2022-06-08 07:00:00,3,684,-29.875,2,1,0.9987165071710528,-0.0506491688387126,13.5,54.9
2022-06-08 11:00:00,4,739,2.5625,2,1,0.9987165071710528,-0.0506491688387126,14.625,12.9
2022-06-08 15:00:00,5,604,29.6875,2,1,0.9987165071710528,-0.0506491688387126,14.625,59.9
2022-06-08 19:00:00,6,571,-80.5,2,1,0.9987165071710528,-0.0506491688387126,13.5,6.95
2022-06-08 23:00:00,1,787,-15.35416666666788,3,1,0.9987165071710528,-0.0506491688387126,11.625,2.95
2022-06-09 03:00:00,2,774,85.54166666666788,3,1,0.9680771188662044,-0.2506525322587204,11.625,18.8
2022-06-09 07:00:00,3,629,16.5,3,1,0.9680771188662044,-0.2506525322587204,13.5,4.95
2022-06-09 11:00:00,4,626,-20.1875,3,1,0.9680771188662044,-0.2506525322587204,14.625,3.55
2022-06-09 15:00:00,5,617,9.875,3,1,0.9680771188662044,-0.2506525322587204,14.75,8.16
2022-06-09 19:00:00,6,575,-76.79166666666788,3,1,0.9680771188662044,-0.2506525322587204,14.0,7.0
2022-06-09 23:00:00,1,788,-2.25,4,1,0.9680771188662044,-0.2506525322587204,12.5,2.95
2022-06-10 03:00:00,2,910,59.875,4,1,0.8978045395707416,-0.4403941515576344,12.625,3.08
2022-06-10 07:00:00,3,960,-38.9375,4,1,0.8978045395707416,-0.4403941515576344,14.5,44.0
2022-06-10 11:00:00,4,980,0.1875,4,1,0.8978045395707416,-0.4403941515576344,17.875,72.5
2022-06-10 15:00:00,5,752,65.52083333333212,4,1,0.8978045395707416,-0.4403941515576344,18.0,96.69
2022-06-10 19:00:00,6,744,-92.10416666666788,4,1,0.8978045395707416,-0.4403941515576344,15.0,63.0
2022-06-10 23:00:00,1,917,-28.66666666666788,5,0,0.8978045395707416,-0.4403941515576344,12.375,19.9
2022-06-11 03:00:00,2,967,13.625,5,0,0.7907757369376989,-0.6121059825476625,11.875,49.9
2022-06-11 07:00:00,3,968,-8.52083333333212,5,0,0.7907757369376989,-0.6121059825476625,13.0,50.0
2022-06-11 11:00:00,4,973,16.58333333333212,5,0,0.7907757369376989,-0.6121059825476625,14.5,29.9
2022-06-11 15:00:00,5,818,70.02083333333212,5,0,0.7907757369376989,-0.6121059825476625,14.75,73.8
2022-06-11 19:00:00,6,781,-67.16666666666788,5,0,0.7907757369376989,-0.6121059825476625,14.0,79.69
2022-06-11 23:00:00,1,830,-25.8125,6,0,0.7907757369376989,-0.6121059825476625,11.75,2.95
2022-06-12 03:00:00,2,959,-20.75,6,0,0.6513724827222223,-0.758758122692791,11.375,19.75
2022-06-12 07:00:00,3,965,16.33333333333212,6,0,0.6513724827222223,-0.758758122692791,12.5,44.69
2022-06-12 11:00:00,4,974,1.3125,6,0,0.6513724827222223,-0.758758122692791,13.25,42.9
2022-06-12 15:00:00,5,817,81.89583333333212,6,0,0.6513724827222223,-0.758758122692791,13.0,78.7
2022-06-12 19:00:00,6,773,-38.39583333333212,6,0,0.6513724827222223,-0.758758122692791,11.5,40.0
2022-06-12 23:00:00,1,812,-32.85416666666788,0,1,0.6513724827222223,-0.758758122692791,10.0,2.95
2022-06-13 03:00:00,2,838,125.70833333333212,0,1,0.485301962531081,-0.8743466161445821,10.375,48.7
2022-06-13 07:00:00,3,775,9.97916666666788,0,1,0.485301962531081,-0.8743466161445821,13.0,5.32
2022-06-13 11:00:00,4,749,-7.5,0,1,0.485301962531081,-0.8743466161445821,14.5,2.95
2022-06-13 15:00:00,5,646,48.16666666666788,0,1,0.485301962531081,-0.8743466161445821,14.25,40.0
2022-06-13 19:00:00,6,560,-74.33333333333212,0,1,0.485301962531081,-0.8743466161445821,12.0,6.95
2022-06-13 23:00:00,1,792,-25.35416666666788,1,1,0.485301962531081,-0.8743466161445821,9.75,19.75
2022-06-14 03:00:00,2,833,67.08333333333212,1,1,0.299363122973358,-0.9541392564000488,9.875,39.75
2022-06-14 07:00:00,3,759,-2.04166666666788,1,1,0.299363122973358,-0.9541392564000488,12.5,19.75
2022-06-14 11:00:00,4,732,3.8958333333321207,1,1,0.299363122973358,-0.9541392564000488,13.625,12.01
2022-06-14 15:00:00,5,677,54.70833333333212,1,1,0.299363122973358,-0.9541392564000488,13.75,43.69
2022-06-14 19:00:00,6,523,-45.72916666666788,1,1,0.299363122973358,-0.9541392564000488,13.0,39.75
2022-06-14 23:00:00,1,828,-6.6875,2,1,0.299363122973358,-0.9541392564000488,9.625,5.84
2022-06-15 03:00:00,2,856,19.89583333333212,2,1,0.1011683219874327,-0.994869323391895,9.75,3.5
2022-06-15 07:00:00,3,832,0.8125,2,1,0.1011683219874327,-0.994869323391895,13.5,19.75
2022-06-15 11:00:00,4,843,14.08333333333212,2,1,0.1011683219874327,-0.994869323391895,18.0,10.15
2022-06-15 15:00:00,5,745,21.33333333333212,2,1,0.1011683219874327,-0.994869323391895,18.625,63.8
2022-06-15 19:00:00,6,693,-51.875,2,1,0.1011683219874327,-0.994869323391895,16.0,44.69
2022-06-15 23:00:00,1,821,-9.08333333333212,3,1,0.1011683219874327,-0.994869323391895,12.25,8.05
2022-06-16 03:00:00,2,828,69.625,3,1,-0.101168321987432,-0.9948693233918952,12.0,20.5
2022-06-16 07:00:00,3,817,-12.375,3,1,-0.101168321987432,-0.9948693233918952,15.0,34.95
2022-06-16 11:00:00,4,821,9.54166666666788,3,1,-0.101168321987432,-0.9948693233918952,19.125,29.75
2022-06-16 15:00:00,5,705,56.6875,3,1,-0.101168321987432,-0.9948693233918952,20.375,46.7
2022-06-16 19:00:00,6,570,-72.6875,3,1,-0.101168321987432,-0.9948693233918952,20.0,2.5
2022-06-16 23:00:00,1,787,-27.60416666666788,4,1,-0.101168321987432,-0.9948693233918952,18.125,3.9
2022-06-17 03:00:00,2,890,45.1875,4,1,-0.2993631229733582,-0.9541392564000488,18.125,37.75
2022-06-17 07:00:00,3,905,-11.0,4,1,-0.2993631229733582,-0.9541392564000488,20.0,80.01
2022-06-17 11:00:00,4,911,4.979166666667879,4,1,-0.2993631229733582,-0.9541392564000488,20.375,61.9
2022-06-17 15:00:00,5,712,33.72916666666788,4,1,-0.2993631229733582,-0.9541392564000488,19.0,79.7
2022-06-17 19:00:00,6,669,-79.3125,4,1,-0.2993631229733582,-0.9541392564000488,14.5,64.9
2022-06-17 23:00:00,1,831,-41.89583333333212,5,0,-0.2993631229733582,-0.9541392564000488,12.25,39.9
2022-06-18 03:00:00,2,882,24.54166666666788,5,0,-0.4853019625310809,-0.8743466161445822,11.625,39.9
2022-06-18 07:00:00,3,889,46.33333333333212,5,0,-0.4853019625310809,-0.8743466161445822,12.0,69.69
2022-06-18 11:00:00,4,898,11.41666666666788,5,0,-0.4853019625310809,-0.8743466161445822,12.375,51.4
2022-06-18 15:00:00,5,752,8.10416666666788,5,0,-0.4853019625310809,-0.8743466161445822,11.875,59.9
2022-06-18 19:00:00,6,684,-78.77083333333212,5,0,-0.4853019625310809,-0.8743466161445822,10.0,49.9
2022-06-18 23:00:00,1,846,-41.47916666666788,6,0,-0.4853019625310809,-0.8743466161445822,8.875,39.7
2022-06-19 03:00:00,2,860,8.47916666666788,6,0,-0.651372482722222,-0.7587581226927911,9.25,57.0
2022-06-19 07:00:00,3,897,86.20833333333212,6,0,-0.651372482722222,-0.7587581226927911,11.5,59.7
2022-06-19 11:00:00,4,907,17.70833333333212,6,0,-0.651372482722222,-0.7587581226927911,14.5,55.0
2022-06-19 15:00:00,5,736,59.41666666666788,6,0,-0.651372482722222,-0.7587581226927911,14.875,69.7
2022-06-19 19:00:00,6,659,-46.39583333333212,6,0,-0.651372482722222,-0.7587581226927911,13.0,40.2
2022-06-19 23:00:00,1,844,-1.479166666667879,0,1,-0.651372482722222,-0.7587581226927911,10.0,39.7
2022-06-20 03:00:00,2,855,105.77083333333212,0,1,-0.7907757369376986,-0.6121059825476628,9.75,49.9
2022-06-20 07:00:00,3,857,-32.64583333333212,0,1,-0.7907757369376986,-0.6121059825476628,12.0,44.7
2022-06-20 11:00:00,4,858,-1.583333333332121,0,1,-0.7907757369376986,-0.6121059825476628,15.75,34.7
2022-06-20 15:00:00,5,656,69.64583333333212,0,1,-0.7907757369376986,-0.6121059825476628,16.5,24.7
2022-06-20 19:00:00,6,617,-109.0625,0,1,-0.7907757369376986,-0.6121059825476628,15.0,29.6
2022-06-20 23:00:00,1,810,-6.479166666667879,1,1,-0.7907757369376986,-0.6121059825476628,11.25,19.75
2022-06-21 03:00:00,2,857,52.85416666666788,1,1,-0.8978045395707417,-0.4403941515576342,11.375,34.95
2022-06-21 07:00:00,3,802,-16.45833333333212,1,1,-0.8978045395707417,-0.4403941515576342,15.5,29.75
2022-06-21 11:00:00,4,808,13.6875,1,1,-0.8978045395707417,-0.4403941515576342,19.25,19.75
2022-06-21 15:00:00,5,570,43.95833333333212,1,1,-0.8978045395707417,-0.4403941515576342,19.625,32.0
2022-06-21 19:00:00,6,502,-74.64583333333212,1,1,-0.8978045395707417,-0.4403941515576342,17.0,34.95
2022-06-21 23:00:00,1,723,-8.27083333333212,2,1,-0.8978045395707417,-0.4403941515576342,12.875,24.99
2022-06-22 03:00:00,2,822,67.41666666666788,2,1,-0.968077118866204,-0.2506525322587213,12.625,41.75
2022-06-22 07:00:00,3,754,-25.4375,2,1,-0.968077118866204,-0.2506525322587213,16.0,39.9
2022-06-22 11:00:00,4,804,-14.1875,2,1,-0.968077118866204,-0.2506525322587213,19.375,34.95
2022-06-22 15:00:00,5,618,59.97916666666788,2,1,-0.968077118866204,-0.2506525322587213,19.5,69.95
2022-06-22 19:00:00,6,628,-62.10416666666788,2,1,-0.968077118866204,-0.2506525322587213,16.5,29.99
2022-06-22 23:00:00,1,857,-17.47916666666788,3,1,-0.968077118866204,-0.2506525322587213,13.125,4.48
2022-06-23 03:00:00,2,880,71.58333333333212,3,1,-0.9987165071710528,-0.0506491688387135,13.5,4.07
2022-06-23 07:00:00,3,829,-14.77083333333212,3,1,-0.9987165071710528,-0.0506491688387135,18.0,16.0
2022-06-23 11:00:00,4,836,16.39583333333212,3,1,-0.9987165071710528,-0.0506491688387135,21.75,6.82
2022-06-23 15:00:00,5,661,7.708333333332121,3,1,-0.9987165071710528,-0.0506491688387135,21.75,50.0
2022-06-23 19:00:00,6,673,-60.33333333333212,3,1,-0.9987165071710528,-0.0506491688387135,18.0,39.8
2022-06-23 23:00:00,1,854,-6.083333333332121,4,1,-0.9987165071710528,-0.0506491688387135,15.375,5.07
2022-06-24 03:00:00,2,931,48.70833333333212,4,1,-0.9884683243281114,0.1514277775045766,15.125,41.75
2022-06-24 07:00:00,3,814,5.208333333332121,4,1,-0.9884683243281114,0.1514277775045766,17.0,18.48
2022-06-24 11:00:00,4,835,-19.75,4,1,-0.9884683243281114,0.1514277775045766,18.125,7.95
2022-06-24 15:00:00,5,712,41.10416666666788,4,1,-0.9884683243281114,0.1514277775045766,18.0,39.95
2022-06-24 19:00:00,6,682,-102.77083333333212,4,1,-0.9884683243281114,0.1514277775045766,16.5,59.95
2022-06-24 23:00:00,1,903,-31.89583333333212,5,0,-0.9884683243281114,0.1514277775045766,13.875,59.95
2022-06-25 03:00:00,2,942,9.85416666666788,5,0,-0.9377521321470804,0.3473052528448203,13.25,61.0
2022-06-25 07:00:00,3,948,-34.125,5,0,-0.9377521321470804,0.3473052528448203,14.0,89.95
2022-06-25 11:00:00,4,956,-10.91666666666788,5,0,-0.9377521321470804,0.3473052528448203,16.25,69.95
2022-06-25 15:00:00,5,792,75.45833333333212,5,0,-0.9377521321470804,0.3473052528448203,16.375,105.0
2022-06-25 19:00:00,6,715,-72.29166666666788,5,0,-0.9377521321470804,0.3473052528448203,14.5,79.8
2022-06-25 23:00:00,1,931,-36.125,6,0,-0.9377521321470804,0.3473052528448203,11.125,65.0
2022-06-26 03:00:00,2,942,-22.35416666666788,6,0,-0.848644257494751,0.5289640103269624,10.75,59.0
2022-06-26 07:00:00,3,942,13.72916666666788,6,0,-0.848644257494751,0.5289640103269624,13.0,70.0
2022-06-26 11:00:00,4,952,24.29166666666788,6,0,-0.848644257494751,0.5289640103269624,16.375,68.3
2022-06-26 15:00:00,5,783,34.08333333333212,6,0,-0.848644257494751,0.5289640103269624,17.0,79.7
2022-06-26 19:00:00,6,745,-15.47916666666788,6,0,-0.848644257494751,0.5289640103269624,15.5,83.1
2022-06-26 23:00:00,1,932,-32.5,0,1,-0.848644257494751,0.5289640103269624,13.25,39.8
2022-06-27 03:00:00,2,942,63.95833333333212,0,1,-0.72479278722912,0.6889669190756864,12.375,57.8
2022-06-27 07:00:00,3,945,36.125,0,1,-0.72479278722912,0.6889669190756864,12.0,78.96
2022-06-27 11:00:00,4,952,-9.83333333333212,0,1,-0.72479278722912,0.6889669190756864,13.125,55.0
2022-06-27 15:00:00,5,722,-1.291666666667879,0,1,-0.72479278722912,0.6889669190756864,13.125,95.96
2022-06-27 19:00:00,6,713,-48.22916666666788,0,1,-0.72479278722912,0.6889669190756864,12.0,60.8
2022-06-27 23:00:00,1,794,-12.9375,1,1,-0.72479278722912,0.6889669190756864,10.875,2.95
2022-06-28 03:00:00,2,931,69.0,1,1,-0.5712682150947924,0.8207634412072763,11.25,4.22
2022-06-28 07:00:00,3,957,-12.20833333333212,1,1,-0.5712682150947924,0.8207634412072763,13.5,64.7
2022-06-28 11:00:00,4,967,-14.27083333333212,1,1,-0.5712682150947924,0.8207634412072763,15.375,55.0
2022-06-28 15:00:00,5,736,6.541666666667879,1,1,-0.5712682150947924,0.8207634412072763,15.625,67.7
2022-06-28 19:00:00,6,729,-64.72916666666788,1,1,-0.5712682150947924,0.8207634412072763,14.5,56.96
2022-06-28 23:00:00,1,940,-23.6875,2,1,-0.5712682150947924,0.8207634412072763,13.0,29.95
2022-06-29 03:00:00,2,956,65.0,2,1,-0.3943558551133187,0.9189578116202306,13.0,39.95
2022-06-29 07:00:00,3,919,12.58333333333212,2,1,-0.3943558551133187,0.9189578116202306,14.5,59.95
2022-06-29 11:00:00,4,925,1.0,2,1,-0.3943558551133187,0.9189578116202306,16.375,49.95
2022-06-29 15:00:00,5,765,-17.54166666666788,2,1,-0.3943558551133187,0.9189578116202306,16.25,65.6
2022-06-29 19:00:00,6,690,-44.1875,2,1,-0.3943558551133187,0.9189578116202306,14.0,62.95
2022-06-29 23:00:00,1,824,-10.77083333333212,3,1,-0.3943558551133187,0.9189578116202306,12.125,19.95
2022-06-30 03:00:00,2,774,44.22916666666788,3,1,-0.2012985200886611,0.9795299412524944,12.125,39.95
2022-06-30 07:00:00,3,783,6.5,3,1,-0.2012985200886611,0.9795299412524944,14.0,65.8
2022-06-30 11:00:00,4,858,21.04166666666788,3,1,-0.2012985200886611,0.9795299412524944,15.875,9.28
2022-06-30 15:00:00,5,733,15.91666666666788,3,1,-0.2012985200886611,0.9795299412524944,16.0,66.9
2022-06-30 19:00:00,6,729,-76.125,3,1,-0.2012985200886611,0.9795299412524944,14.5,67.96
2022-06-30 23:00:00,1,880,-14.875,4,1,-0.2012985200886611,0.9795299412524944,12.25,4.99
2022-07-01 03:00:00,2,889,51.83333333333212,4,1,0.20129852008866,0.9795299412524944,12.125,4.88
2022-07-01 07:00:00,3,855,0.9166666666678792,4,1,0.20129852008866,0.9795299412524944,14.0,10.6
2022-07-01 11:00:00,4,833,-15.22916666666788,4,1,0.20129852008866,0.9795299412524944,14.0,39.95
2022-07-01 15:00:00,5,860,21.5625,4,1,0.20129852008866,0.9795299412524944,13.875,11.82
2022-07-01 19:00:00,6,755,-64.0,4,1,0.20129852008866,0.9795299412524944,13.5,3.62
2022-07-01 23:00:00,1,909,-10.58333333333212,5,0,0.20129852008866,0.9795299412524944,12.0,24.95
2022-07-02 03:00:00,2,949,6.395833333332121,5,0,0.3943558551133185,0.9189578116202306,12.0,39.95
2022-07-02 07:00:00,3,983,15.85416666666788,5,0,0.3943558551133185,0.9189578116202306,13.5,50.0
2022-07-02 11:00:00,4,963,-12.25,5,0,0.3943558551133185,0.9189578116202306,15.375,55.0
2022-07-02 15:00:00,5,889,57.8125,5,0,0.3943558551133185,0.9189578116202306,15.375,69.1
2022-07-02 19:00:00,6,853,-72.33333333333212,5,0,0.3943558551133185,0.9189578116202306,13.5,59.95
2022-07-02 23:00:00,1,830,-46.1875,6,0,0.3943558551133185,0.9189578116202306,11.625,39.96
2022-07-03 03:00:00,2,943,-8.25,6,0,0.5712682150947923,0.8207634412072763,11.75,44.95
2022-07-03 07:00:00,3,936,51.52083333333212,6,0,0.5712682150947923,0.8207634412072763,14.0,57.96
2022-07-03 11:00:00,4,993,0.3125,6,0,0.5712682150947923,0.8207634412072763,15.5,68.13
2022-07-03 15:00:00,5,891,89.4375,6,0,0.5712682150947923,0.8207634412072763,15.5,74.95
2022-07-03 19:00:00,6,709,-81.25,6,0,0.5712682150947923,0.8207634412072763,14.0,74.95
2022-07-03 23:00:00,1,858,7.416666666667879,0,1,0.5712682150947923,0.8207634412072763,12.125,49.95
2022-07-04 03:00:00,2,943,72.97916666666788,0,1,0.7247927872291199,0.6889669190756866,11.75,54.95
2022-07-04 07:00:00,3,876,31.75,0,1,0.7247927872291199,0.6889669190756866,12.5,84.95
2022-07-04 11:00:00,4,942,-16.29166666666788,0,1,0.7247927872291199,0.6889669190756866,13.625,68.13
2022-07-04 15:00:00,5,897,12.64583333333212,0,1,0.7247927872291199,0.6889669190756866,13.625,94.95
2022-07-04 19:00:00,6,766,-104.6875,0,1,0.7247927872291199,0.6889669190756866,12.5,59.95
2022-07-04 23:00:00,1,914,0.3541666666678793,1,1,0.7247927872291199,0.6889669190756866,11.375,51.96
2022-07-05 03:00:00,2,930,36.6875,1,1,0.8486442574947509,0.5289640103269625,11.5,36.0
2022-07-05 07:00:00,3,883,3.8125,1,1,0.8486442574947509,0.5289640103269625,13.0,11.95
2022-07-05 11:00:00,4,875,0.9375,1,1,0.8486442574947509,0.5289640103269625,14.875,13.89
2022-07-05 15:00:00,5,870,24.29166666666788,1,1,0.8486442574947509,0.5289640103269625,15.125,15.78
2022-07-05 19:00:00,6,739,-83.625,1,1,0.8486442574947509,0.5289640103269625,14.0,39.95
2022-07-05 23:00:00,1,869,-24.58333333333212,2,1,0.8486442574947509,0.5289640103269625,13.625,64.95
2022-07-06 03:00:00,2,959,74.08333333333212,2,1,0.9377521321470804,0.3473052528448203,13.875,58.1
2022-07-06 07:00:00,3,935,9.52083333333212,2,1,0.9377521321470804,0.3473052528448203,15.0,86.9
2022-07-06 11:00:00,4,949,-13.66666666666788,2,1,0.9377521321470804,0.3473052528448203,16.125,71.96
2022-07-06 15:00:00,5,899,39.16666666666788,2,1,0.9377521321470804,0.3473052528448203,16.0,86.0
2022-07-06 19:00:00,6,911,-95.6875,2,1,0.9377521321470804,0.3473052528448203,14.5,80.7
2022-07-06 23:00:00,1,943,-39.35416666666788,3,1,0.9377521321470804,0.3473052528448203,13.0,3.95
2022-07-07 03:00:00,2,931,122.9375,3,1,0.9884683243281114,0.1514277775045767,13.125,3.95
2022-07-07 07:00:00,3,857,-9.29166666666788,3,1,0.9884683243281114,0.1514277775045767,15.0,11.95
2022-07-07 11:00:00,4,953,-51.41666666666788,3,1,0.9884683243281114,0.1514277775045767,17.625,52.96
2022-07-07 15:00:00,5,883,40.0,3,1,0.9884683243281114,0.1514277775045767,17.875,79.95
2022-07-07 19:00:00,6,634,-83.0625,3,1,0.9884683243281114,0.1514277775045767,16.0,2.91
2022-07-07 23:00:00,1,809,-19.875,4,1,0.9884683243281114,0.1514277775045767,13.75,2.0
2022-07-08 03:00:00,2,810,84.375,4,1,0.9987165071710528,-0.0506491688387126,13.75,3.5
2022-07-08 07:00:00,3,780,-9.54166666666788,4,1,0.9987165071710528,-0.0506491688387126,16.0,12.64
2022-07-08 11:00:00,4,1005,-12.22916666666788,4,1,0.9987165071710528,-0.0506491688387126,17.5,59.96
2022-07-08 15:00:00,5,942,48.0,4,1,0.9987165071710528,-0.0506491688387126,17.375,76.0
2022-07-08 19:00:00,6,645,-82.89583333333212,4,1,0.9987165071710528,-0.0506491688387126,15.5,4.52
2022-07-08 23:00:00,1,972,-5.125,5,0,0.9987165071710528,-0.0506491688387126,14.0,49.9
2022-07-09 03:00:00,2,1003,16.64583333333212,5,0,0.9680771188662044,-0.2506525322587204,14.0,45.09
2022-07-09 07:00:00,3,1004,-42.20833333333212,5,0,0.9680771188662044,-0.2506525322587204,15.5,59.0
2022-07-09 11:00:00,4,1012,-27.27083333333212,5,0,0.9680771188662044,-0.2506525322587204,18.125,59.0
2022-07-09 15:00:00,5,948,88.22916666666788,5,0,0.9680771188662044,-0.2506525322587204,18.25,89.96
2022-07-09 19:00:00,6,772,-48.10416666666788,5,0,0.9680771188662044,-0.2506525322587204,16.0,29.0
2022-07-09 23:00:00,1,893,-51.77083333333212,6,0,0.9680771188662044,-0.2506525322587204,13.375,24.95
2022-07-10 03:00:00,2,987,13.625,6,0,0.8978045395707416,-0.4403941515576344,13.625,29.95
2022-07-10 07:00:00,3,995,-40.02083333333212,6,0,0.8978045395707416,-0.4403941515576344,17.0,46.35
2022-07-10 11:00:00,4,1002,20.5,6,0,0.8978045395707416,-0.4403941515576344,21.5,49.95
2022-07-10 15:00:00,5,937,136.33333333333212,6,0,0.8978045395707416,-0.4403941515576344,22.0,76.0
2022-07-10 19:00:00,6,769,-29.20833333333212,6,0,0.8978045395707416,-0.4403941515576344,19.0,23.29
2022-07-10 23:00:00,1,872,-28.89583333333212,0,1,0.8978045395707416,-0.4403941515576344,14.875,3.95
2022-07-11 03:00:00,2,900,58.0,0,1,0.7907757369376989,-0.6121059825476625,15.25,3.5
2022-07-11 07:00:00,3,869,-21.54166666666788,0,1,0.7907757369376989,-0.6121059825476625,20.5,20.11
2022-07-11 11:00:00,4,882,54.16666666666788,0,1,0.7907757369376989,-0.6121059825476625,24.625,21.66
2022-07-11 15:00:00,5,880,18.72916666666788,0,1,0.7907757369376989,-0.6121059825476625,25.125,19.64
2022-07-11 19:00:00,6,732,-54.1875,0,1,0.7907757369376989,-0.6121059825476625,22.5,8.9
2022-07-11 23:00:00,1,927,-6.125,1,1,0.7907757369376989,-0.6121059825476625,19.875,19.95
2022-07-12 03:00:00,2,978,42.41666666666788,1,1,0.6513724827222223,-0.758758122692791,19.0,31.96
2022-07-12 07:00:00,3,877,15.0,1,1,0.6513724827222223,-0.758758122692791,19.0,10.6
2022-07-12 11:00:00,4,851,14.5625,1,1,0.6513724827222223,-0.758758122692791,20.5,6.9
2022-07-12 15:00:00,5,852,18.97916666666424,1,1,0.6513724827222223,-0.758758122692791,20.5,11.92
2022-07-12 19:00:00,6,749,-130.66666666666788,1,1,0.6513724827222223,-0.758758122692791,19.0,10.9
2022-07-12 23:00:00,1,969,9.0,2,1,0.6513724827222223,-0.758758122692791,15.625,35.0
2022-07-13 03:00:00,2,970,70.27083333333212,2,1,0.485301962531081,-0.8743466161445821,14.5,29.9
2022-07-13 07:00:00,3,972,3.8333333333321207,2,1,0.485301962531081,-0.8743466161445821,14.5,59.0
2022-07-13 11:00:00,4,934,-7.395833333332121,2,1,0.485301962531081,-0.8743466161445821,16.75,50.0
2022-07-13 15:00:00,5,919,61.35416666666788,2,1,0.485301962531081,-0.8743466161445821,17.46875,60.0
2022-07-13 19:00:00,6,716,-89.125,2,1,0.485301962531081,-0.8743466161445821,17.375,45.0
2022-07-13 23:00:00,1,847,-11.58333333333212,3,1,0.485301962531081,-0.8743466161445821,17.28125,18.8
2022-07-14 03:00:00,2,955,54.5625,3,1,0.299363122973358,-0.9541392564000488,17.21875,47.0
2022-07-14 07:00:00,3,850,-8414.8125,3,1,0.299363122973358,-0.9541392564000488,17.125,14.9
2022-07-14 11:00:00,4,670,-92.47916666666788,3,1,0.299363122973358,-0.9541392564000488,17.03125,6.9
2022-07-14 15:00:00,5,860,22.08333333333212,3,1,0.299363122973358,-0.9541392564000488,16.25,17.37
2022-07-14 19:00:00,6,735,-51.625,3,1,0.299363122973358,-0.9541392564000488,14.0,14.9
2022-07-14 23:00:00,1,828,-8.77083333333212,4,1,0.299363122973358,-0.9541392564000488,12.875,37.0
2022-07-15 03:00:00,2,906,92.0,4,1,0.1011683219874327,-0.994869323391895,13.25,9.9
2022-07-15 07:00:00,3,850,-19.6875,4,1,0.1011683219874327,-0.994869323391895,15.5,14.9
2022-07-15 11:00:00,4,922,-8.10416666666788,4,1,0.1011683219874327,-0.994869323391895,16.625,56.5
2022-07-15 15:00:00,5,874,24.72916666666788,4,1,0.1011683219874327,-0.994869323391895,16.25,39.8
2022-07-15 19:00:00,6,757,-45.9375,4,1,0.1011683219874327,-0.994869323391895,14.0,14.9
2022-07-15 23:00:00,1,860,-26.85416666666788,5,0,0.1011683219874327,-0.994869323391895,11.75,3.8
2022-07-16 03:00:00,2,925,4.333333333332121,5,0,-0.101168321987432,-0.9948693233918952,11.75,3.5
2022-07-16 07:00:00,3,984,-17.35416666666788,5,0,-0.101168321987432,-0.9948693233918952,14.0,18.6
2022-07-16 11:00:00,4,1022,14.89583333333212,5,0,-0.101168321987432,-0.9948693233918952,18.5,44.95
2022-07-16 15:00:00,5,940,51.85416666666788,5,0,-0.101168321987432,-0.9948693233918952,19.5,21.5
2022-07-16 19:00:00,6,779,-29.54166666666788,5,0,-0.101168321987432,-0.9948693233918952,18.0,3.5
2022-07-16 23:00:00,1,901,-35.20833333333212,6,0,-0.101168321987432,-0.9948693233918952,15.75,11.95
2022-07-17 03:00:00,2,950,-14.45833333333212,6,0,-0.2993631229733582,-0.9541392564000488,16.125,3.5
2022-07-17 07:00:00,3,976,2.375,6,0,-0.2993631229733582,-0.9541392564000488,19.5,16.95
2022-07-17 11:00:00,4,1014,6.208333333332121,6,0,-0.2993631229733582,-0.9541392564000488,24.75,29.95
2022-07-17 15:00:00,5,945,79.08333333333212,6,0,-0.2993631229733582,-0.9541392564000488,26.125,30.96
2022-07-17 19:00:00,6,770,-24.58333333333212,6,0,-0.2993631229733582,-0.9541392564000488,25.0,6.96
2022-07-17 23:00:00,1,896,1.604166666667879,0,1,-0.2993631229733582,-0.9541392564000488,21.25,9.96
2022-07-18 03:00:00,2,902,53.72916666666788,0,1,-0.4853019625310809,-0.8743466161445822,21.0,16.26
2022-07-18 07:00:00,3,848,7.4375,0,1,-0.4853019625310809,-0.8743466161445822,24.0,17.9
2022-07-18 11:00:00,4,859,-9.91666666666788,0,1,-0.4853019625310809,-0.8743466161445822,28.875,14.4
2022-07-18 15:00:00,5,837,28.875,0,1,-0.4853019625310809,-0.8743466161445822,29.75,41.62
2022-07-18 19:00:00,6,718,-58.625,0,1,-0.4853019625310809,-0.8743466161445822,27.5,19.95
2022-07-18 23:00:00,1,827,2.625,1,1,-0.4853019625310809,-0.8743466161445822,25.25,6.96
2022-07-19 03:00:00,2,958,53.04166666666788,1,1,-0.651372482722222,-0.7587581226927911,25.375,24.95
2022-07-19 07:00:00,3,847,5.541666666667879,1,1,-0.651372482722222,-0.7587581226927911,28.0,6.96
2022-07-19 11:00:00,4,973,-13.125,1,1,-0.651372482722222,-0.7587581226927911,31.375,49.99
2022-07-19 15:00:00,5,887,51.14583333333576,1,1,-0.651372482722222,-0.7587581226927911,30.625,41.62
2022-07-19 19:00:00,6,724,-105.4375,1,1,-0.651372482722222,-0.7587581226927911,25.0,10.03
2022-07-19 23:00:00,1,756,-11.0625,2,1,-0.651372482722222,-0.7587581226927911,21.25,2.67
2022-07-20 03:00:00,2,972,83.0,2,1,-0.7907757369376986,-0.6121059825476628,19.375,6.96
2022-07-20 07:00:00,3,838,-12.16666666666788,2,1,-0.7907757369376986,-0.6121059825476628,17.5,9.49
2022-07-20 11:00:00,4,855,3.3958333333321207,2,1,-0.7907757369376986,-0.6121059825476628,17.125,4.96
2022-07-20 15:00:00,5,856,1.791666666667879,2,1,-0.7907757369376986,-0.6121059825476628,16.875,18.39
2022-07-20 19:00:00,6,543,-64.9375,2,1,-0.7907757369376986,-0.6121059825476628,16.5,1.91
2022-07-20 23:00:00,1,880,5.1875,3,1,-0.7907757369376986,-0.6121059825476628,16.125,6.96
2022-07-21 03:00:00,2,890,43.14583333333212,3,1,-0.8978045395707417,-0.4403941515576342,15.875,29.95
2022-07-21 07:00:00,3,827,3.8333333333321207,3,1,-0.8978045395707417,-0.4403941515576342,15.5,16.96
2022-07-21 11:00:00,4,842,8.58333333333212,3,1,-0.8978045395707417,-0.4403941515576342,15.125,7.96
2022-07-21 15:00:00,5,842,16.9375,3,1,-0.8978045395707417,-0.4403941515576342,14.875,19.96
2022-07-21 19:00:00,6,533,-101.45833333333212,3,1,-0.8978045395707417,-0.4403941515576342,14.5,15.0
2022-07-21 23:00:00,1,718,-6.8125,4,1,-0.8978045395707417,-0.4403941515576342,13.75,2.49
2022-07-22 03:00:00,2,859,62.85416666666788,4,1,-0.968077118866204,-0.2506525322587213,13.375,14.95
2022-07-22 07:00:00,3,771,43.54166666666788,4,1,-0.968077118866204,-0.2506525322587213,13.0,9.95
2022-07-22 11:00:00,4,739,-38.22916666666788,4,1,-0.968077118866204,-0.2506525322587213,13.375,5.06
2022-07-22 15:00:00,5,745,24.875,4,1,-0.968077118866204,-0.2506525322587213,13.625,9.95
2022-07-22 19:00:00,6,662,-65.08333333333212,4,1,-0.968077118866204,-0.2506525322587213,14.0,49.95
2022-07-22 23:00:00,1,870,-58.91666666666788,5,0,-0.968077118866204,-0.2506525322587213,12.125,3.95
2022-07-23 03:00:00,2,995,8.47916666666788,5,0,-0.9987165071710528,-0.0506491688387135,12.125,29.95
2022-07-23 07:00:00,3,1022,23.16666666666788,5,0,-0.9987165071710528,-0.0506491688387135,14.0,79.76
2022-07-23 11:00:00,4,1031,2.3958333333321207,5,0,-0.9987165071710528,-0.0506491688387135,17.0,69.28
2022-07-23 15:00:00,5,959,34.4375,5,0,-0.9987165071710528,-0.0506491688387135,17.875,92.99
2022-07-23 19:00:00,6,942,-42.33333333333212,5,0,-0.9987165071710528,-0.0506491688387135,17.5,54.95
2022-07-23 23:00:00,1,975,-41.27083333333212,6,0,-0.9987165071710528,-0.0506491688387135,16.75,14.95
2022-07-24 03:00:00,2,1002,-9.33333333333212,6,0,-0.9884683243281114,0.1514277775045766,16.875,5.96
2022-07-24 07:00:00,3,1021,35.5625,6,0,-0.9884683243281114,0.1514277775045766,18.0,46.35
2022-07-24 11:00:00,4,1022,13.9375,6,0,-0.9884683243281114,0.1514277775045766,18.75,39.95
2022-07-24 15:00:00,5,960,105.41666666666788,6,0,-0.9884683243281114,0.1514277775045766,18.375,79.9
2022-07-24 19:00:00,6,828,-89.97916666666788,6,0,-0.9884683243281114,0.1514277775045766,16.5,6.11
2022-07-24 23:00:00,1,848,-17.75,0,1,-0.9884683243281114,0.1514277775045766,15.0,3.23
2022-07-25 03:00:00,2,890,98.27083333333212,0,1,-0.9377521321470804,0.3473052528448203,14.875,4.66
2022-07-25 07:00:00,3,811,7.416666666667879,0,1,-0.9377521321470804,0.3473052528448203,16.0,4.95
2022-07-25 11:00:00,4,933,23.58333333333212,0,1,-0.9377521321470804,0.3473052528448203,16.375,49.9
2022-07-25 15:00:00,5,889,26.16666666666788,0,1,-0.9377521321470804,0.3473052528448203,15.625,69.9
2022-07-25 19:00:00,6,635,-101.52083333333212,0,1,-0.9377521321470804,0.3473052528448203,13.0,3.49
2022-07-25 23:00:00,1,923,-30.89583333333212,1,1,-0.9377521321470804,0.3473052528448203,11.5,36.4
2022-07-26 03:00:00,2,929,91.02083333333212,1,1,-0.848644257494751,0.5289640103269624,11.125,46.5
2022-07-26 07:00:00,3,871,6.541666666667879,1,1,-0.848644257494751,0.5289640103269624,11.5,14.95
2022-07-26 11:00:00,4,891,-17.58333333333212,1,1,-0.848644257494751,0.5289640103269624,14.125,19.9
2022-07-26 15:00:00,5,865,23.5625,1,1,-0.848644257494751,0.5289640103269624,14.375,59.9
2022-07-26 19:00:00,6,752,-71.6875,1,1,-0.848644257494751,0.5289640103269624,12.5,7.13
2022-07-26 23:00:00,1,721,-15.83333333333212,2,1,-0.848644257494751,0.5289640103269624,10.625,3.11
2022-07-27 03:00:00,2,852,41.58333333333212,2,1,-0.72479278722912,0.6889669190756864,10.625,29.95
2022-07-27 07:00:00,3,874,-0.1666666666678793,2,1,-0.72479278722912,0.6889669190756864,12.5,46.35
2022-07-27 11:00:00,4,848,8.60416666666788,2,1,-0.72479278722912,0.6889669190756864,16.625,49.9
2022-07-27 15:00:00,5,778,32.125,2,1,-0.72479278722912,0.6889669190756864,17.75,39.9
2022-07-27 19:00:00,6,772,-53.8125,2,1,-0.72479278722912,0.6889669190756864,17.0,53.95
2022-07-27 23:00:00,1,864,-26.04166666666788,3,1,-0.72479278722912,0.6889669190756864,14.75,6.3
2022-07-28 03:00:00,2,932,81.70833333333212,3,1,-0.5712682150947924,0.8207634412072763,13.875,5.95
2022-07-28 07:00:00,3,890,26.9375,3,1,-0.5712682150947924,0.8207634412072763,13.5,19.54
2022-07-28 11:00:00,4,908,-1.5625,3,1,-0.5712682150947924,0.8207634412072763,15.375,6.95
2022-07-28 15:00:00,5,895,29.625,3,1,-0.5712682150947924,0.8207634412072763,15.875,29.9
2022-07-28 19:00:00,6,800,-63.41666666666788,3,1,-0.5712682150947924,0.8207634412072763,15.5,15.0
2022-07-28 23:00:00,1,906,6.354166666667879,4,1,-0.5712682150947924,0.8207634412072763,14.0,4.96
2022-07-29 03:00:00,2,1032,58.1875,4,1,-0.3943558551133187,0.9189578116202306,13.75,5.68
2022-07-29 07:00:00,3,915,-10.6875,4,1,-0.3943558551133187,0.9189578116202306,14.5,21.77
2022-07-29 11:00:00,4,946,-8.22916666666788,4,1,-0.3943558551133187,0.9189578116202306,17.5,5.95
2022-07-29 15:00:00,5,944,19.75,4,1,-0.3943558551133187,0.9189578116202306,18.25,13.4
2022-07-29 19:00:00,6,820,-53.60416666666788,4,1,-0.3943558551133187,0.9189578116202306,17.5,10.0
2022-07-29 23:00:00,1,1003,-20.77083333333212,5,0,-0.3943558551133187,0.9189578116202306,16.0,35.0
2022-07-30 03:00:00,2,1039,28.58333333333212,5,0,-0.2012985200886611,0.9795299412524944,15.75,22.95
2022-07-30 07:00:00,3,1044,31.27083333333212,5,0,-0.2012985200886611,0.9795299412524944,16.5,15.12
2022-07-30 11:00:00,4,1051,-16.20833333333212,5,0,-0.2012985200886611,0.9795299412524944,17.25,13.1
2022-07-30 15:00:00,5,985,55.95833333333212,5,0,-0.2012985200886611,0.9795299412524944,17.375,49.9
2022-07-30 19:00:00,6,819,-60.1875,5,0,-0.2012985200886611,0.9795299412524944,17.0,6.22
2022-07-30 23:00:00,1,905,-3.54166666666788,6,0,-0.2012985200886611,0.9795299412524944,16.625,6.96
2022-07-31 03:00:00,2,933,-2.125,6,0,-2.4492935982947064e-16,1.0,16.5,5.61
2022-07-31 07:00:00,3,995,43.89583333333212,6,0,-2.4492935982947064e-16,1.0,16.5,8.95
2022-07-31 11:00:00,4,1017,-17.66666666666788,6,0,-2.4492935982947064e-16,1.0,17.25,8.32
2022-07-31 15:00:00,5,995,40.125,6,0,-2.4492935982947064e-16,1.0,17.0,60.0
2022-07-31 19:00:00,6,775,-57.10416666666788,6,0,-2.4492935982947064e-16,1.0,15.5,10.0
2022-07-31 23:00:00,1,773,-9.29166666666788,0,1,-2.4492935982947064e-16,1.0,11.75,2.49
2022-08-01 03:00:00,2,825,59.79166666666788,0,1,0.20129852008866,0.9795299412524944,11.125,2.45
2022-08-01 07:00:00,3,858,-8.6875,0,1,0.20129852008866,0.9795299412524944,13.0,19.71
2022-08-01 11:00:00,4,880,-2.875,0,1,0.20129852008866,0.9795299412524944,17.5,12.97
2022-08-01 15:00:00,5,885,90.41666666666788,0,1,0.20129852008866,0.9795299412524944,18.75,35.0
2022-08-01 19:00:00,6,869,-102.0625,0,1,0.20129852008866,0.9795299412524944,18.0,19.94
2022-08-01 23:00:00,1,1011,-435.5625,1,1,0.20129852008866,0.9795299412524944,17.25,48.0
2022-08-02 03:00:00,2,1012,77.75,1,1,0.3943558551133185,0.9189578116202306,17.375,42.6
2022-08-02 07:00:00,3,985,-7.770833333332121,1,1,0.3943558551133185,0.9189578116202306,18.5,79.9
2022-08-02 11:00:00,4,992,-12.0625,1,1,0.3943558551133185,0.9189578116202306,20.0,64.9
2022-08-02 15:00:00,5,978,50.64583333333212,1,1,0.3943558551133185,0.9189578116202306,20.25,74.9
2022-08-02 19:00:00,6,919,-99.58333333333212,1,1,0.3943558551133185,0.9189578116202306,19.5,22.0
2022-08-02 23:00:00,1,1043,-40.625,2,1,0.3943558551133185,0.9189578116202306,17.625,6.77
2022-08-03 03:00:00,2,1045,84.3125,2,1,0.5712682150947923,0.8207634412072763,17.25,6.36
2022-08-03 07:00:00,3,1036,-17.0,2,1,0.5712682150947923,0.8207634412072763,18.0,54.9
2022-08-03 11:00:00,4,1038,-10.9375,2,1,0.5712682150947923,0.8207634412072763,18.375,48.01
2022-08-03 15:00:00,5,1028,38.39583333333212,2,1,0.5712682150947923,0.8207634412072763,17.875,65.0
2022-08-03 19:00:00,6,743,-51.08333333333212,2,1,0.5712682150947923,0.8207634412072763,16.0,2.5
2022-08-03 23:00:00,1,877,-29.35416666666788,3,1,0.5712682150947923,0.8207634412072763,14.875,3.96
2022-08-04 03:00:00,2,891,76.8125,3,1,0.7247927872291199,0.6889669190756866,14.5,2.5
2022-08-04 07:00:00,3,880,-42.41666666666788,3,1,0.7247927872291199,0.6889669190756866,14.5,9.89
2022-08-04 11:00:00,4,1028,18.33333333333212,3,1,0.7247927872291199,0.6889669190756866,15.625,50.07
2022-08-04 15:00:00,5,1036,30.4375,3,1,0.7247927872291199,0.6889669190756866,15.125,79.1
2022-08-04 19:00:00,6,772,-46.39583333333212,3,1,0.7247927872291199,0.6889669190756866,12.5,2.72
2022-08-04 23:00:00,1,1015,-26.77083333333212,4,1,0.7247927872291199,0.6889669190756866,10.25,7.18
2022-08-05 03:00:00,2,1030,53.29166666666788,4,1,0.8486442574947509,0.5289640103269625,10.25,6.71
2022-08-05 07:00:00,3,1009,-26.64583333333212,4,1,0.8486442574947509,0.5289640103269625,12.5,64.9
2022-08-05 11:00:00,4,1034,-16.95833333333212,4,1,0.8486442574947509,0.5289640103269625,14.375,46.98
2022-08-05 15:00:00,5,899,73.125,4,1,0.8486442574947509,0.5289640103269625,14.25,6.03
2022-08-05 19:00:00,6,784,-110.95833333333212,4,1,0.8486442574947509,0.5289640103269625,12.0,3.03
2022-08-05 23:00:00,1,1027,-56.625,5,0,0.8486442574947509,0.5289640103269625,10.125,5.09
2022-08-06 03:00:00,2,1037,25.79166666666788,5,0,0.9377521321470804,0.3473052528448203,10.125,4.98
2022-08-06 07:00:00,3,1046,-10.52083333333212,5,0,0.9377521321470804,0.3473052528448203,12.0,65.12
2022-08-06 11:00:00,4,1058,-19.70833333333212,5,0,0.9377521321470804,0.3473052528448203,15.0,64.9
2022-08-06 15:00:00,5,1050,114.10416666666788,5,0,0.9377521321470804,0.3473052528448203,15.5,75.66
2022-08-06 19:00:00,6,796,-129.35416666666788,5,0,0.9377521321470804,0.3473052528448203,14.0,2.5
2022-08-06 23:00:00,1,1057,-11.1875,6,0,0.9377521321470804,0.3473052528448203,12.875,16.98
2022-08-07 03:00:00,2,1058,12.9375,6,0,0.9884683243281114,0.1514277775045767,13.0,24.8
2022-08-07 07:00:00,3,1037,1.8541666666678795,6,0,0.9884683243281114,0.1514277775045767,14.5,48.9
2022-08-07 11:00:00,4,1003,27.5625,6,0,0.9884683243281114,0.1514277775045767,16.75,59.98
2022-08-07 15:00:00,5,1049,138.0625,6,0,0.9884683243281114,0.1514277775045767,17.125,81.9
2022-08-07 19:00:00,6,797,-63.52083333333212,6,0,0.9884683243281114,0.1514277775045767,16.0,5.9
2022-08-07 23:00:00,1,908,11.10416666666788,0,1,0.9884683243281114,0.1514277775045767,14.125,4.74
2022-08-08 03:00:00,2,970,70.29166666666788,0,1,0.9987165071710528,-0.0506491688387126,14.0,5.98
2022-08-08 07:00:00,3,886,-13.77083333333212,0,1,0.9987165071710528,-0.0506491688387126,15.5,7.06
2022-08-08 11:00:00,4,893,-2.0625,0,1,0.9987165071710528,-0.0506491688387126,18.5,6.07
2022-08-08 15:00:00,5,892,48.5,0,1,0.9987165071710528,-0.0506491688387126,18.625,10.03
2022-08-08 19:00:00,6,726,-94.125,0,1,0.9987165071710528,-0.0506491688387126,16.0,6.3
2022-08-08 23:00:00,1,653,-8.95833333333212,1,1,0.9987165071710528,-0.0506491688387126,12.25,0.95
2022-08-09 03:00:00,2,656,25.5625,1,1,0.9680771188662044,-0.2506525322587204,12.0,0.95
2022-08-09 07:00:00,3,780,-5.1875,1,1,0.9680771188662044,-0.2506525322587204,15.0,5.95
2022-08-09 11:00:00,4,786,25.85416666666788,1,1,0.9680771188662044,-0.2506525322587204,20.625,5.95
2022-08-09 15:00:00,5,787,36.47916666666788,1,1,0.9680771188662044,-0.2506525322587204,22.0,5.95
2022-08-09 19:00:00,6,546,-94.27083333333212,1,1,0.9680771188662044,-0.2506525322587204,20.5,2.0
2022-08-09 23:00:00,1,645,6.229166666667879,2,1,0.9680771188662044,-0.2506525322587204,14.875,3.95
2022-08-10 03:00:00,2,643,43.66666666666788,2,1,0.8978045395707416,-0.4403941515576344,14.375,5.12
2022-08-10 07:00:00,3,690,-9.79166666666788,2,1,0.8978045395707416,-0.4403941515576344,18.5,36.05
2022-08-10 11:00:00,4,706,9.125,2,1,0.8978045395707416,-0.4403941515576344,24.5,24.8
2022-08-10 15:00:00,5,755,26.54166666666788,2,1,0.8978045395707416,-0.4403941515576344,25.375,46.47
2022-08-10 19:00:00,6,541,-66.60416666666788,2,1,0.8978045395707416,-0.4403941515576344,22.0,15.0
2022-08-10 23:00:00,1,611,2.54166666666788,3,1,0.8978045395707416,-0.4403941515576344,17.125,3.22
2022-08-11 03:00:00,2,614,9.5,3,1,0.7907757369376989,-0.6121059825476625,16.75,2.56
2022-08-11 07:00:00,3,753,-15.70833333333212,3,1,0.7907757369376989,-0.6121059825476625,20.5,13.12
2022-08-11 11:00:00,4,769,5.791666666667879,3,1,0.7907757369376989,-0.6121059825476625,26.125,6.48
2022-08-11 15:00:00,5,666,72.04166666666788,3,1,0.7907757369376989,-0.6121059825476625,27.0,9.03
2022-08-11 19:00:00,6,534,-84.25,3,1,0.7907757369376989,-0.6121059825476625,24.0,2.5
2022-08-11 23:00:00,1,594,-2.79166666666788,4,1,0.7907757369376989,-0.6121059825476625,18.375,2.91
2022-08-12 03:00:00,2,611,11.5625,4,1,0.6513724827222223,-0.758758122692791,17.25,1.9
2022-08-12 07:00:00,3,755,7.416666666667879,4,1,0.6513724827222223,-0.758758122692791,19.5,19.7
2022-08-12 11:00:00,4,770,-24.52083333333212,4,1,0.6513724827222223,-0.758758122692791,24.75,17.28
2022-08-12 15:00:00,5,670,42.16666666666788,4,1,0.6513724827222223,-0.758758122692791,25.625,8.95
2022-08-12 19:00:00,6,541,-79.29166666666788,4,1,0.6513724827222223,-0.758758122692791,23.0,3.76
2022-08-12 23:00:00,1,710,-12.83333333333212,5,0,0.6513724827222223,-0.758758122692791,17.375,1.9
2022-08-13 03:00:00,2,826,-6.770833333332121,5,0,0.485301962531081,-0.8743466161445821,16.25,3.03
2022-08-13 07:00:00,3,898,4.520833333332121,5,0,0.485301962531081,-0.8743466161445821,18.5,7.45
2022-08-13 11:00:00,4,914,-4.166666666667879,5,0,0.485301962531081,-0.8743466161445821,24.125,7.64
2022-08-13 15:00:00,5,917,60.27083333333212,5,0,0.485301962531081,-0.8743466161445821,25.125,21.72
2022-08-13 19:00:00,6,667,-60.02083333333212,5,0,0.485301962531081,-0.8743466161445821,22.5,2.92
2022-08-13 23:00:00,1,865,-73.10416666666788,6,0,0.485301962531081,-0.8743466161445821,17.25,2.86
2022-08-14 03:00:00,2,887,17.4375,6,0,0.299363122973358,-0.9541392564000488,16.375,2.86
2022-08-14 07:00:00,3,926,22.125,6,0,0.299363122973358,-0.9541392564000488,19.0,48.57
2022-08-14 11:00:00,4,932,31.91666666666788,6,0,0.299363122973358,-0.9541392564000488,24.625,44.8
2022-08-14 15:00:00,5,904,61.0,6,0,0.299363122973358,-0.9541392564000488,25.875,29.93
2022-08-14 19:00:00,6,660,-70.0625,6,0,0.299363122973358,-0.9541392564000488,24.0,5.0
2022-08-14 23:00:00,1,600,-14.97916666666788,0,1,0.299363122973358,-0.9541392564000488,19.125,3.12
2022-08-15 03:00:00,2,618,90.91666666666788,0,1,0.1011683219874327,-0.994869323391895,17.75,2.3
2022-08-15 07:00:00,3,630,37.54166666666788,0,1,0.1011683219874327,-0.994869323391895,18.5,2.0
2022-08-15 11:00:00,4,633,-6.541666666667879,0,1,0.1011683219874327,-0.994869323391895,20.0,1.86
2022-08-15 15:00:00,5,641,-2.41666666666788,0,1,0.1011683219874327,-0.994869323391895,20.0,3.12
2022-08-15 19:00:00,6,545,-43.41666666666788,0,1,0.1011683219874327,-0.994869323391895,18.5,4.17
2022-08-15 23:00:00,1,619,1.875,1,1,0.1011683219874327,-0.994869323391895,16.25,2.3
2022-08-16 03:00:00,2,615,44.39583333333212,1,1,-0.101168321987432,-0.9948693233918952,15.75,2.84
2022-08-16 07:00:00,3,619,15.60416666666788,1,1,-0.101168321987432,-0.9948693233918952,16.5,10.0
2022-08-16 11:00:00,4,633,-2.54166666666788,1,1,-0.101168321987432,-0.9948693233918952,18.0,3.49
2022-08-16 15:00:00,5,637,16.75,1,1,-0.101168321987432,-0.9948693233918952,17.375,10.0
2022-08-16 19:00:00,6,554,-70.5625,1,1,-0.101168321987432,-0.9948693233918952,14.0,14.8
2022-08-16 23:00:00,1,659,-0.5,2,1,-0.101168321987432,-0.9948693233918952,12.875,4.38
2022-08-17 03:00:00,2,656,86.89583333333212,2,1,-0.2993631229733582,-0.9541392564000488,12.625,2.49
2022-08-17 07:00:00,3,627,-13.04166666666788,2,1,-0.2993631229733582,-0.9541392564000488,13.0,3.05
2022-08-17 11:00:00,4,649,-8.66666666666788,2,1,-0.2993631229733582,-0.9541392564000488,15.625,4.8
2022-08-17 15:00:00,5,666,41.58333333333212,2,1,-0.2993631229733582,-0.9541392564000488,16.25,10.0
2022-08-17 19:00:00,6,540,-96.77083333333212,2,1,-0.2993631229733582,-0.9541392564000488,15.5,14.8
2022-08-17 23:00:00,1,643,1.0,3,1,-0.2993631229733582,-0.9541392564000488,13.625,5.01
2022-08-18 03:00:00,2,641,30.10416666666788,3,1,-0.4853019625310809,-0.8743466161445822,13.375,1.5
2022-08-18 07:00:00,3,641,41.5,3,1,-0.4853019625310809,-0.8743466161445822,14.5,11.13
2022-08-18 11:00:00,4,750,-7.479166666667879,3,1,-0.4853019625310809,-0.8743466161445822,17.125,6.77
2022-08-18 15:00:00,5,654,14.8125,3,1,-0.4853019625310809,-0.8743466161445822,17.75,6.61
2022-08-18 19:00:00,6,543,-95.625,3,1,-0.4853019625310809,-0.8743466161445822,17.0,9.42
2022-08-18 23:00:00,1,821,13.5625,4,1,-0.4853019625310809,-0.8743466161445822,14.75,2.8
2022-08-19 03:00:00,2,823,23.66666666666788,4,1,-0.651372482722222,-0.7587581226927911,14.0,2.8
2022-08-19 07:00:00,3,800,5.979166666667879,4,1,-0.651372482722222,-0.7587581226927911,14.0,8.32
2022-08-19 11:00:00,4,1008,-22.97916666666788,4,1,-0.651372482722222,-0.7587581226927911,16.625,22.1
2022-08-19 15:00:00,5,804,34.16666666666788,4,1,-0.651372482722222,-0.7587581226927911,17.0,9.8
2022-08-19 19:00:00,6,565,-121.39583333333212,4,1,-0.651372482722222,-0.7587581226927911,15.5,1.5
2022-08-19 23:00:00,1,840,10.5625,5,0,-0.651372482722222,-0.7587581226927911,13.625,2.8
2022-08-20 03:00:00,2,968,35.5,5,0,-0.7907757369376986,-0.6121059825476628,13.375,4.24
2022-08-20 07:00:00,3,1043,-2.04166666666788,5,0,-0.7907757369376986,-0.6121059825476628,14.5,46.69
2022-08-20 11:00:00,4,1042,3.1458333333321207,5,0,-0.7907757369376986,-0.6121059825476628,17.125,48.91
2022-08-20 15:00:00,5,1028,59.0,5,0,-0.7907757369376986,-0.6121059825476628,17.625,63.69
2022-08-20 19:00:00,6,726,-62.04166666666788,5,0,-0.7907757369376986,-0.6121059825476628,16.5,5.0
2022-08-20 23:00:00,1,847,-32.16666666666788,6,0,-0.7907757369376986,-0.6121059825476628,14.25,2.84
2022-08-21 03:00:00,2,869,-39.22916666666788,6,0,-0.8978045395707417,-0.4403941515576342,13.75,3.06
2022-08-21 07:00:00,3,1003,7.145833333332121,6,0,-0.8978045395707417,-0.4403941515576342,14.5,8.78
2022-08-21 11:00:00,4,967,23.39583333333212,6,0,-0.8978045395707417,-0.4403941515576342,16.75,5.71
2022-08-21 15:00:00,5,819,34.20833333333212,6,0,-0.8978045395707417,-0.4403941515576342,16.75,5.8
2022-08-21 19:00:00,6,573,-45.95833333333212,6,0,-0.8978045395707417,-0.4403941515576342,14.5,1.42
2022-08-21 23:00:00,1,784,11.5625,0,1,-0.8978045395707417,-0.4403941515576342,13.375,3.87
2022-08-22 03:00:00,2,764,83.875,0,1,-0.968077118866204,-0.2506525322587213,14.0,22.0
2022-08-22 07:00:00,3,619,16.97916666666788,0,1,-0.968077118866204,-0.2506525322587213,17.0,13.83
2022-08-22 11:00:00,4,627,23.0,0,1,-0.968077118866204,-0.2506525322587213,18.125,4.22
2022-08-22 15:00:00,5,627,16.79166666666788,0,1,-0.968077118866204,-0.2506525322587213,18.0,13.99
2022-08-22 19:00:00,6,537,-109.20833333333212,0,1,-0.968077118866204,-0.2506525322587213,16.5,18.52
2022-08-22 23:00:00,1,641,2.7083333333321207,1,1,-0.968077118866204,-0.2506525322587213,15.375,3.8
2022-08-23 03:00:00,2,631,61.97916666666788,1,1,-0.9987165071710528,-0.0506491688387135,15.375,6.22
2022-08-23 07:00:00,3,635,8.66666666666788,1,1,-0.9987165071710528,-0.0506491688387135,16.5,4.18
2022-08-23 11:00:00,4,641,7.0,1,1,-0.9987165071710528,-0.0506491688387135,19.5,3.57
2022-08-23 15:00:00,5,553,9.85416666666788,1,1,-0.9987165071710528,-0.0506491688387135,19.875,50.85
2022-08-23 19:00:00,6,450,-104.125,1,1,-0.9987165071710528,-0.0506491688387135,18.0,40.79
2022-08-23 23:00:00,1,811,-6.0,2,1,-0.9987165071710528,-0.0506491688387135,17.25,24.8
2022-08-24 03:00:00,2,716,96.08333333333212,2,1,-0.9884683243281114,0.1514277775045766,17.125,30.3
2022-08-24 07:00:00,3,798,2.79166666666788,2,1,-0.9884683243281114,0.1514277775045766,17.5,40.4
2022-08-24 11:00:00,4,755,-27.5,2,1,-0.9884683243281114,0.1514277775045766,18.625,38.38
2022-08-24 15:00:00,5,694,69.10416666666788,2,1,-0.9884683243281114,0.1514277775045766,18.375,62.79
2022-08-24 19:00:00,6,523,-84.6875,2,1,-0.9884683243281114,0.1514277775045766,16.5,71.71
2022-08-24 23:00:00,1,631,-0.3541666666678793,3,1,-0.9884683243281114,0.1514277775045766,14.25,2.95
2022-08-25 03:00:00,2,627,81.14583333333212,3,1,-0.9377521321470804,0.3473052528448203,13.625,2.95
2022-08-25 07:00:00,3,815,25.85416666666788,3,1,-0.9377521321470804,0.3473052528448203,14.0,58.41
2022-08-25 11:00:00,4,780,-58.29166666666788,3,1,-0.9377521321470804,0.3473052528448203,16.25,43.26
2022-08-25 15:00:00,5,810,44.97916666666788,3,1,-0.9377521321470804,0.3473052528448203,16.25,65.0
2022-08-25 19:00:00,6,558,-96.0,3,1,-0.9377521321470804,0.3473052528448203,14.0,3.2
2022-08-25 23:00:00,1,752,-10.5,4,1,-0.9377521321470804,0.3473052528448203,11.0,41.66
2022-08-26 03:00:00,2,795,43.16666666666788,4,1,-0.848644257494751,0.5289640103269624,11.125,63.23
2022-08-26 07:00:00,3,830,-19.3125,4,1,-0.848644257494751,0.5289640103269624,14.5,58.0
2022-08-26 11:00:00,4,836,12.02083333333212,4,1,-0.848644257494751,0.5289640103269624,17.5,59.88
2022-08-26 15:00:00,5,814,28.10416666666788,4,1,-0.848644257494751,0.5289640103269624,18.0,74.8
2022-08-26 19:00:00,6,548,-109.47916666666788,4,1,-0.848644257494751,0.5289640103269624,16.5,11.83
2022-08-26 23:00:00,1,755,17.375,5,0,-0.848644257494751,0.5289640103269624,14.25,2.69
2022-08-27 03:00:00,2,879,-0.4375,5,0,-0.72479278722912,0.6889669190756864,14.125,2.96
2022-08-27 07:00:00,3,899,6.333333333332121,5,0,-0.72479278722912,0.6889669190756864,16.0,4.77
2022-08-27 11:00:00,4,925,0.1041666666678793,5,0,-0.72479278722912,0.6889669190756864,19.375,5.88
2022-08-27 15:00:00,5,940,40.1875,5,0,-0.72479278722912,0.6889669190756864,19.375,13.46
2022-08-27 19:00:00,6,685,-67.39583333333212,5,0,-0.72479278722912,0.6889669190756864,16.0,2.49
2022-08-27 23:00:00,1,921,-40.02083333333212,6,0,-0.72479278722912,0.6889669190756864,13.0,2.95
2022-08-28 03:00:00,2,945,16.47916666666788,6,0,-0.5712682150947924,0.8207634412072763,12.75,5.25
2022-08-28 07:00:00,3,1003,21.72916666666788,6,0,-0.5712682150947924,0.8207634412072763,15.0,40.1
2022-08-28 11:00:00,4,1010,4.875,6,0,-0.5712682150947924,0.8207634412072763,18.75,40.1
2022-08-28 15:00:00,5,1027,47.79166666666788,6,0,-0.5712682150947924,0.8207634412072763,19.0,32.51
2022-08-28 19:00:00,6,769,-72.3125,6,0,-0.5712682150947924,0.8207634412072763,16.0,4.38
2022-08-28 23:00:00,1,921,-5.25,0,1,-0.5712682150947924,0.8207634412072763,14.5,2.95
2022-08-29 03:00:00,2,947,54.125,0,1,-0.3943558551133187,0.9189578116202306,14.25,9.06
2022-08-29 07:00:00,3,909,-32.4375,0,1,-0.3943558551133187,0.9189578116202306,15.0,5.09
2022-08-29 11:00:00,4,928,9.79166666666788,0,1,-0.3943558551133187,0.9189578116202306,15.375,4.65
2022-08-29 15:00:00,5,925,77.9375,0,1,-0.3943558551133187,0.9189578116202306,15.0,11.96
2022-08-29 19:00:00,6,754,-60.70833333333212,0,1,-0.3943558551133187,0.9189578116202306,13.5,9.69
2022-08-29 23:00:00,1,929,4.708333333332121,1,1,-0.3943558551133187,0.9189578116202306,11.625,6.67
2022-08-30 03:00:00,2,931,76.29166666666788,1,1,-0.2012985200886611,0.9795299412524944,11.375,6.99
2022-08-30 07:00:00,3,860,-33.5,1,1,-0.2012985200886611,0.9795299412524944,12.5,21.41
2022-08-30 11:00:00,4,877,19.97916666666788,1,1,-0.2012985200886611,0.9795299412524944,15.125,6.72
2022-08-30 15:00:00,5,862,36.70833333333212,1,1,-0.2012985200886611,0.9795299412524944,15.5,29.8
2022-08-30 19:00:00,6,712,-76.39583333333212,1,1,-0.2012985200886611,0.9795299412524944,14.0,9.69
2022-08-30 23:00:00,1,897,-28.0,2,1,-0.2012985200886611,0.9795299412524944,12.125,15.62
2022-08-31 03:00:00,2,898,92.77083333333212,2,1,-2.4492935982947064e-16,1.0,12.25,16.57
2022-08-31 07:00:00,3,854,-25.97916666666788,2,1,-2.4492935982947064e-16,1.0,14.5,32.8
2022-08-31 11:00:00,4,865,-4.833333333332121,2,1,-2.4492935982947064e-16,1.0,17.125,15.84
2022-08-31 15:00:00,5,875,45.89583333333212,2,1,-2.4492935982947064e-16,1.0,17.5,30.96
2022-08-31 19:00:00,6,720,-118.85416666666788,2,1,-2.4492935982947064e-16,1.0,16.0,11.41
