date,EFA,Cleared Volume,EU Gas,day_of_week,weekday_or_holiday,month_cos,EFA_sin,Average Temperature,price
2022-03-31 23:00:00,1,514,319.9,4,1,6.123233995736766e-17,0.8660254037844386,0.0,1.7
2022-04-01 03:00:00,2,507,319.9,4,1,-0.4999999999999998,0.8660254037844388,0.0,8.96
2022-04-01 07:00:00,3,495,319.9,4,1,-0.4999999999999998,1.2246467991473532e-16,0.75,4.89
2022-04-01 11:00:00,4,514,319.9,4,1,-0.4999999999999998,-0.8660254037844384,3.6666666666666665,1.5
2022-04-01 15:00:00,5,508,319.9,4,1,-0.4999999999999998,-0.8660254037844386,4.0,47.99
2022-04-01 19:00:00,6,326,319.9,4,1,-0.4999999999999998,-2.4492935982947064e-16,1.25,1.13
2022-04-01 23:00:00,1,334,319.9,5,0,-0.4999999999999998,0.8660254037844386,0.5,0.56
2022-04-02 03:00:00,2,370,319.9,5,0,-0.4999999999999998,0.8660254037844388,0.25,3.0
2022-04-02 07:00:00,3,430,319.9,5,0,-0.4999999999999998,1.2246467991473532e-16,1.0,1.2
2022-04-02 11:00:00,4,468,319.9,5,0,-0.4999999999999998,-0.8660254037844384,4.666666666666667,1.5
2022-04-02 15:00:00,5,555,319.9,5,0,-0.4999999999999998,-0.8660254037844386,5.333333333333333,12.11
2022-04-02 19:00:00,6,426,319.9,5,0,-0.4999999999999998,-2.4492935982947064e-16,2.0,2.0
2022-04-02 23:00:00,1,335,319.9,6,0,-0.4999999999999998,0.8660254037844386,-0.75,0.55
2022-04-03 03:00:00,2,412,319.9,6,0,-0.4999999999999998,0.8660254037844388,1.0,2.88
2022-04-03 07:00:00,3,509,319.9,6,0,-0.4999999999999998,1.2246467991473532e-16,3.25,1.49
2022-04-03 11:00:00,4,576,319.9,6,0,-0.4999999999999998,-0.8660254037844384,6.25,1.86
2022-04-03 15:00:00,5,541,319.9,6,0,-0.4999999999999998,-0.8660254037844386,6.5,47.98
2022-04-03 19:00:00,6,461,319.9,6,0,-0.4999999999999998,-2.4492935982947064e-16,4.5,4.24
2022-04-03 23:00:00,1,584,319.2,0,1,-0.4999999999999998,0.8660254037844386,5.25,2.2
2022-04-04 03:00:00,2,631,319.2,0,1,-0.4999999999999998,0.8660254037844388,7.25,16.48
2022-04-04 07:00:00,3,416,319.2,0,1,-0.4999999999999998,1.2246467991473532e-16,8.5,5.0
2022-04-04 11:00:00,4,486,319.2,0,1,-0.4999999999999998,-0.8660254037844384,9.5,1.86
2022-04-04 15:00:00,5,519,319.2,0,1,-0.4999999999999998,-0.8660254037844386,10.0,60.0
2022-04-04 19:00:00,6,497,319.2,0,1,-0.4999999999999998,-2.4492935982947064e-16,9.0,3.61
2022-04-04 23:00:00,1,638,322.9,1,1,-0.4999999999999998,0.8660254037844386,8.666666666666666,5.1
2022-04-05 03:00:00,2,630,322.9,1,1,-0.4999999999999998,0.8660254037844388,8.25,26.28
2022-04-05 07:00:00,3,551,322.9,1,1,-0.4999999999999998,1.2246467991473532e-16,8.0,10.0
2022-04-05 11:00:00,4,583,322.9,1,1,-0.4999999999999998,-0.8660254037844384,8.0,2.98
2022-04-05 15:00:00,5,496,322.9,1,1,-0.4999999999999998,-0.8660254037844386,8.0,70.0
2022-04-05 19:00:00,6,631,322.9,1,1,-0.4999999999999998,-2.4492935982947064e-16,8.0,55.0
2022-04-05 23:00:00,1,743,321.5,2,1,-0.4999999999999998,0.8660254037844386,8.0,37.0
2022-04-06 03:00:00,2,743,321.5,2,1,-0.4999999999999998,0.8660254037844388,7.75,51.0
2022-04-06 07:00:00,3,659,321.5,2,1,-0.4999999999999998,1.2246467991473532e-16,6.666666666666667,89.0
2022-04-06 11:00:00,4,697,321.5,2,1,-0.4999999999999998,-0.8660254037844384,7.666666666666667,85.0
2022-04-06 15:00:00,5,516,321.5,2,1,-0.4999999999999998,-0.8660254037844386,8.0,103.0
2022-04-06 19:00:00,6,635,321.5,2,1,-0.4999999999999998,-2.4492935982947064e-16,7.333333333333333,79.99
2022-04-06 23:00:00,1,772,316.5,3,1,-0.4999999999999998,0.8660254037844386,5.5,46.99
2022-04-07 03:00:00,2,794,316.5,3,1,-0.4999999999999998,0.8660254037844388,3.333333333333333,62.99
2022-04-07 07:00:00,3,712,316.5,3,1,-0.4999999999999998,1.2246467991473532e-16,4.75,104.0
2022-04-07 11:00:00,4,723,316.5,3,1,-0.4999999999999998,-0.8660254037844384,6.5,77.0
2022-04-07 15:00:00,5,541,316.5,3,1,-0.4999999999999998,-0.8660254037844386,6.0,81.98
2022-04-07 19:00:00,6,658,316.5,3,1,-0.4999999999999998,-2.4492935982947064e-16,3.0,47.91
2022-04-07 23:00:00,1,695,327.1,4,1,-0.4999999999999998,0.8660254037844386,2.25,2.6
2022-04-08 03:00:00,2,661,327.1,4,1,-0.4999999999999998,0.8660254037844388,0.0,1.2
2022-04-08 07:00:00,3,478,327.1,4,1,-0.4999999999999998,1.2246467991473532e-16,1.6666666666666667,0.99
2022-04-08 11:00:00,4,600,327.1,4,1,-0.4999999999999998,-0.8660254037844384,6.5,4.84
2022-04-08 15:00:00,5,531,327.1,4,1,-0.4999999999999998,-0.8660254037844386,5.25,59.98
2022-04-08 19:00:00,6,607,327.1,4,1,-0.4999999999999998,-2.4492935982947064e-16,2.5,10.23
2022-04-08 23:00:00,1,727,327.1,5,0,-0.4999999999999998,0.8660254037844386,0.75,4.83
2022-04-09 03:00:00,2,745,327.1,5,0,-0.4999999999999998,0.8660254037844388,0.3333333333333333,6.25
2022-04-09 07:00:00,3,828,327.1,5,0,-0.4999999999999998,1.2246467991473532e-16,2.0,15.48
2022-04-09 11:00:00,4,851,327.1,5,0,-0.4999999999999998,-0.8660254037844384,5.75,47.98
2022-04-09 15:00:00,5,648,327.1,5,0,-0.4999999999999998,-0.8660254037844386,5.5,69.0
2022-04-09 19:00:00,6,485,327.1,5,0,-0.4999999999999998,-2.4492935982947064e-16,3.75,2.49
2022-04-09 23:00:00,1,422,327.1,6,0,-0.4999999999999998,0.8660254037844386,1.3333333333333333,2.35
2022-04-10 03:00:00,2,431,327.1,6,0,-0.4999999999999998,0.8660254037844388,1.0,2.55
2022-04-10 07:00:00,3,615,327.1,6,0,-0.4999999999999998,1.2246467991473532e-16,3.6666666666666665,7.25
2022-04-10 11:00:00,4,618,327.1,6,0,-0.4999999999999998,-0.8660254037844384,8.0,7.29
2022-04-10 15:00:00,5,596,327.1,6,0,-0.4999999999999998,-0.8660254037844386,9.5,58.62
2022-04-10 19:00:00,6,493,327.1,6,0,-0.4999999999999998,-2.4492935982947064e-16,8.0,4.09
2022-04-10 23:00:00,1,638,324.3,0,1,-0.4999999999999998,0.8660254037844386,6.333333333333333,3.0
2022-04-11 03:00:00,2,658,324.3,0,1,-0.4999999999999998,0.8660254037844388,5.0,3.77
2022-04-11 07:00:00,3,769,324.3,0,1,-0.4999999999999998,1.2246467991473532e-16,6.25,59.79
2022-04-11 11:00:00,4,816,324.3,0,1,-0.4999999999999998,-0.8660254037844384,11.0,47.98
2022-04-11 15:00:00,5,625,324.3,0,1,-0.4999999999999998,-0.8660254037844386,12.0,80.98
2022-04-11 19:00:00,6,694,324.3,0,1,-0.4999999999999998,-2.4492935982947064e-16,9.0,25.05
2022-04-11 23:00:00,1,759,328.6,1,1,-0.4999999999999998,0.8660254037844386,6.0,1.5
2022-04-12 03:00:00,2,752,328.6,1,1,-0.4999999999999998,0.8660254037844388,6.0,3.33
2022-04-12 07:00:00,3,485,328.6,1,1,-0.4999999999999998,1.2246467991473532e-16,6.5,1.07
2022-04-12 11:00:00,4,570,328.6,1,1,-0.4999999999999998,-0.8660254037844384,7.5,0.92
2022-04-12 15:00:00,5,487,328.6,1,1,-0.4999999999999998,-0.8660254037844386,10.0,4.51
2022-04-12 19:00:00,6,495,328.6,1,1,-0.4999999999999998,-2.4492935982947064e-16,9.75,1.5
2022-04-12 23:00:00,1,451,331.4,2,1,-0.4999999999999998,0.8660254037844386,10.666666666666666,1.22
2022-04-13 03:00:00,2,453,331.4,2,1,-0.4999999999999998,0.8660254037844388,8.5,1.22
2022-04-13 07:00:00,3,596,331.4,2,1,-0.4999999999999998,1.2246467991473532e-16,9.5,10.55
2022-04-13 11:00:00,4,618,331.4,2,1,-0.4999999999999998,-0.8660254037844384,9.666666666666666,5.1
2022-04-13 15:00:00,5,512,331.4,2,1,-0.4999999999999998,-0.8660254037844386,13.0,12.97
2022-04-13 19:00:00,6,503,331.4,2,1,-0.4999999999999998,-2.4492935982947064e-16,10.0,4.78
2022-04-13 23:00:00,1,415,333.3,3,1,-0.4999999999999998,0.8660254037844386,8.0,0.6
2022-04-14 03:00:00,2,457,333.3,3,1,-0.4999999999999998,0.8660254037844388,6.0,1.54
2022-04-14 07:00:00,3,279,333.3,3,1,-0.4999999999999998,1.2246467991473532e-16,9.0,0.5
2022-04-14 11:00:00,4,298,333.3,3,1,-0.4999999999999998,-0.8660254037844384,13.0,0.6
2022-04-14 15:00:00,5,304,333.3,3,1,-0.4999999999999998,-0.8660254037844386,15.0,1.0
2022-04-14 19:00:00,6,502,333.3,3,1,-0.4999999999999998,-2.4492935982947064e-16,11.0,8.55
2022-04-14 23:00:00,1,442,333.3,4,1,-0.4999999999999998,0.8660254037844386,7.5,0.63
2022-04-15 03:00:00,2,461,333.3,4,1,-0.4999999999999998,0.8660254037844388,7.5,1.55
2022-04-15 07:00:00,3,637,333.3,4,1,-0.4999999999999998,1.2246467991473532e-16,9.333333333333334,5.34
2022-04-15 11:00:00,4,659,333.3,4,1,-0.4999999999999998,-0.8660254037844384,15.666666666666666,2.33
2022-04-15 15:00:00,5,558,333.3,4,1,-0.4999999999999998,-0.8660254037844386,17.5,9.34
2022-04-15 19:00:00,6,530,333.3,4,1,-0.4999999999999998,-2.4492935982947064e-16,14.5,4.48
2022-04-15 23:00:00,1,778,333.3,5,0,-0.4999999999999998,0.8660254037844386,12.333333333333334,1.61
2022-04-16 03:00:00,2,773,333.3,5,0,-0.4999999999999998,0.8660254037844388,10.166666666666668,1.61
2022-04-16 07:00:00,3,831,333.3,5,0,-0.4999999999999998,1.2246467991473532e-16,8.0,19.0
2022-04-16 11:00:00,4,880,333.3,5,0,-0.4999999999999998,-0.8660254037844384,16.5,24.0
2022-04-16 15:00:00,5,678,333.3,5,0,-0.4999999999999998,-0.8660254037844386,18.75,47.98
2022-04-16 19:00:00,6,656,333.3,5,0,-0.4999999999999998,-2.4492935982947064e-16,17.0,2.5
2022-04-16 23:00:00,1,687,333.3,6,0,-0.4999999999999998,0.8660254037844386,11.5,0.7
2022-04-17 03:00:00,2,806,333.3,6,0,-0.4999999999999998,0.8660254037844388,9.0,1.0
2022-04-17 07:00:00,3,892,333.3,6,0,-0.4999999999999998,1.2246467991473532e-16,7.0,59.5
2022-04-17 11:00:00,4,915,333.3,6,0,-0.4999999999999998,-0.8660254037844384,16.0,58.99
2022-04-17 15:00:00,5,682,333.3,6,0,-0.4999999999999998,-0.8660254037844386,17.0,62.5
2022-04-17 19:00:00,6,729,333.3,6,0,-0.4999999999999998,-2.4492935982947064e-16,16.0,39.98
2022-04-17 23:00:00,1,696,333.3,0,1,-0.4999999999999998,0.8660254037844386,9.0,3.16
2022-04-18 03:00:00,2,691,333.3,0,1,-0.4999999999999998,0.8660254037844388,8.5,1.08
2022-04-18 07:00:00,3,748,333.3,0,1,-0.4999999999999998,1.2246467991473532e-16,8.0,6.35
2022-04-18 11:00:00,4,854,333.3,0,1,-0.4999999999999998,-0.8660254037844384,10.5,5.29
2022-04-18 15:00:00,5,653,333.3,0,1,-0.4999999999999998,-0.8660254037844386,11.0,2.5
2022-04-18 19:00:00,6,518,333.3,0,1,-0.4999999999999998,-2.4492935982947064e-16,9.0,1.08
2022-04-18 23:00:00,1,474,335.0,1,1,-0.4999999999999998,0.8660254037844386,6.5,0.65
2022-04-19 03:00:00,2,460,335.0,1,1,-0.4999999999999998,0.8660254037844388,5.0,1.43
2022-04-19 07:00:00,3,375,335.0,1,1,-0.4999999999999998,1.2246467991473532e-16,9.0,1.48
2022-04-19 11:00:00,4,249,335.0,1,1,-0.4999999999999998,-0.8660254037844384,11.333333333333334,1.46
2022-04-19 15:00:00,5,257,335.0,1,1,-0.4999999999999998,-0.8660254037844386,12.0,0.69
2022-04-19 19:00:00,6,480,335.0,1,1,-0.4999999999999998,-2.4492935982947064e-16,10.5,5.33
2022-04-19 23:00:00,1,338,333.8,2,1,-0.4999999999999998,0.8660254037844386,6.75,0.6
2022-04-20 03:00:00,2,343,333.8,2,1,-0.4999999999999998,0.8660254037844388,4.0,1.0
2022-04-20 07:00:00,3,276,333.8,2,1,-0.4999999999999998,1.2246467991473532e-16,6.0,1.49
2022-04-20 11:00:00,4,287,333.8,2,1,-0.4999999999999998,-0.8660254037844384,12.666666666666666,1.01
2022-04-20 15:00:00,5,296,333.8,2,1,-0.4999999999999998,-0.8660254037844386,13.333333333333334,2.15
2022-04-20 19:00:00,6,395,333.8,2,1,-0.4999999999999998,-2.4492935982947064e-16,9.666666666666666,2.95
2022-04-20 23:00:00,1,381,333.5,3,1,-0.4999999999999998,0.8660254037844386,5.0,0.63
2022-04-21 03:00:00,2,368,333.5,3,1,-0.4999999999999998,0.8660254037844388,4.5,0.6
2022-04-21 07:00:00,3,281,333.5,3,1,-0.4999999999999998,1.2246467991473532e-16,5.0,0.63
2022-04-21 11:00:00,4,407,333.5,3,1,-0.4999999999999998,-0.8660254037844384,13.0,0.67
2022-04-21 15:00:00,5,417,333.5,3,1,-0.4999999999999998,-0.8660254037844386,14.0,2.5
2022-04-21 19:00:00,6,402,333.5,3,1,-0.4999999999999998,-2.4492935982947064e-16,9.333333333333334,2.09
2022-04-21 23:00:00,1,436,324.6,4,1,-0.4999999999999998,0.8660254037844386,6.0,1.28
2022-04-22 03:00:00,2,439,324.6,4,1,-0.4999999999999998,0.8660254037844388,6.0,2.0
2022-04-22 07:00:00,3,391,324.6,4,1,-0.4999999999999998,1.2246467991473532e-16,8.0,2.0
2022-04-22 11:00:00,4,730,324.6,4,1,-0.4999999999999998,-0.8660254037844384,14.0,16.98
2022-04-22 15:00:00,5,546,324.6,4,1,-0.4999999999999998,-0.8660254037844386,14.0,47.98
2022-04-22 19:00:00,6,405,324.6,4,1,-0.4999999999999998,-2.4492935982947064e-16,7.0,2.0
2022-04-22 23:00:00,1,449,324.6,5,0,-0.4999999999999998,0.8660254037844386,5.5,0.78
2022-04-23 03:00:00,2,458,324.6,5,0,-0.4999999999999998,0.8660254037844388,6.5,0.77
2022-04-23 07:00:00,3,696,324.6,5,0,-0.4999999999999998,1.2246467991473532e-16,7.0,3.53
2022-04-23 11:00:00,4,757,324.6,5,0,-0.4999999999999998,-0.8660254037844384,10.0,4.1
2022-04-23 15:00:00,5,635,324.6,5,0,-0.4999999999999998,-0.8660254037844386,12.0,47.98
2022-04-23 19:00:00,6,424,324.6,5,0,-0.4999999999999998,-2.4492935982947064e-16,7.0,0.79
2022-04-23 23:00:00,1,693,324.6,6,0,-0.4999999999999998,0.8660254037844386,5.666666666666667,2.0
2022-04-24 03:00:00,2,800,324.6,6,0,-0.4999999999999998,0.8660254037844388,5.0,4.9
2022-04-24 07:00:00,3,876,324.6,6,0,-0.4999999999999998,1.2246467991473532e-16,5.0,68.0
2022-04-24 11:00:00,4,877,324.6,6,0,-0.4999999999999998,-0.8660254037844384,11.0,59.0
2022-04-24 15:00:00,5,664,324.6,6,0,-0.4999999999999998,-0.8660254037844386,10.75,73.0
2022-04-24 19:00:00,6,517,324.6,6,0,-0.4999999999999998,-2.4492935982947064e-16,7.0,1.5
2022-04-24 23:00:00,1,621,309.0,0,1,-0.4999999999999998,0.8660254037844386,4.333333333333333,2.83
2022-04-25 03:00:00,2,605,309.0,0,1,-0.4999999999999998,0.8660254037844388,3.0,6.37
2022-04-25 07:00:00,3,599,309.0,0,1,-0.4999999999999998,1.2246467991473532e-16,4.0,6.87
2022-04-25 11:00:00,4,602,309.0,0,1,-0.4999999999999998,-0.8660254037844384,8.333333333333334,2.78
2022-04-25 15:00:00,5,591,309.0,0,1,-0.4999999999999998,-0.8660254037844386,9.5,13.77
2022-04-25 19:00:00,6,482,309.0,0,1,-0.4999999999999998,-2.4492935982947064e-16,8.0,7.89
2022-04-25 23:00:00,1,418,311.8,1,1,-0.4999999999999998,0.8660254037844386,5.0,2.65
2022-04-26 03:00:00,2,510,311.8,1,1,-0.4999999999999998,0.8660254037844388,5.0,4.77
2022-04-26 07:00:00,3,273,311.8,1,1,-0.4999999999999998,1.2246467991473532e-16,5.0,2.73
2022-04-26 11:00:00,4,279,311.8,1,1,-0.4999999999999998,-0.8660254037844384,10.0,1.5
2022-04-26 15:00:00,5,284,311.8,1,1,-0.4999999999999998,-0.8660254037844386,10.666666666666666,13.7
2022-04-26 19:00:00,6,486,311.8,1,1,-0.4999999999999998,-2.4492935982947064e-16,7.0,3.83
2022-04-26 23:00:00,1,408,315.1,2,1,-0.4999999999999998,0.8660254037844386,3.333333333333333,1.2
2022-04-27 03:00:00,2,452,315.1,2,1,-0.4999999999999998,0.8660254037844388,1.75,3.06
2022-04-27 07:00:00,3,263,315.1,2,1,-0.4999999999999998,1.2246467991473532e-16,4.333333333333333,1.93
2022-04-27 11:00:00,4,280,315.1,2,1,-0.4999999999999998,-0.8660254037844384,6.666666666666667,0.82
2022-04-27 15:00:00,5,290,315.1,2,1,-0.4999999999999998,-0.8660254037844386,7.75,2.57
2022-04-27 19:00:00,6,386,315.1,2,1,-0.4999999999999998,-2.4492935982947064e-16,6.333333333333333,2.45
2022-04-27 23:00:00,1,392,320.9,3,1,-0.4999999999999998,0.8660254037844386,4.75,0.79
2022-04-28 03:00:00,2,449,320.9,3,1,-0.4999999999999998,0.8660254037844388,4.0,2.49
2022-04-28 07:00:00,3,257,320.9,3,1,-0.4999999999999998,1.2246467991473532e-16,5.0,2.1
2022-04-28 11:00:00,4,267,320.9,3,1,-0.4999999999999998,-0.8660254037844384,6.5,2.13
2022-04-28 15:00:00,5,276,320.9,3,1,-0.4999999999999998,-0.8660254037844386,7.25,2.0
2022-04-28 19:00:00,6,384,320.9,3,1,-0.4999999999999998,-2.4492935982947064e-16,6.666666666666667,2.58
2022-04-28 23:00:00,1,371,323.1,4,1,-0.4999999999999998,0.8660254037844386,4.5,0.83
2022-04-29 03:00:00,2,446,323.1,4,1,-0.4999999999999998,0.8660254037844388,1.0,2.95
2022-04-29 07:00:00,3,256,323.1,4,1,-0.4999999999999998,1.2246467991473532e-16,6.5,1.69
2022-04-29 11:00:00,4,280,323.1,4,1,-0.4999999999999998,-0.8660254037844384,12.0,1.17
2022-04-29 15:00:00,5,297,323.1,4,1,-0.4999999999999998,-0.8660254037844386,12.5,2.95
2022-04-29 19:00:00,6,383,323.1,4,1,-0.4999999999999998,-2.4492935982947064e-16,9.0,2.5
2022-04-29 23:00:00,1,390,323.1,5,0,-0.4999999999999998,0.8660254037844386,4.5,1.45
2022-04-30 03:00:00,2,460,323.1,5,0,-0.4999999999999998,0.8660254037844388,3.0,1.49
2022-04-30 07:00:00,3,649,323.1,5,0,-0.4999999999999998,1.2246467991473532e-16,8.0,2.99
2022-04-30 11:00:00,4,669,323.1,5,0,-0.4999999999999998,-0.8660254037844384,14.0,1.36
2022-04-30 15:00:00,5,645,323.1,5,0,-0.4999999999999998,-0.8660254037844386,12.666666666666666,39.77
2022-04-30 19:00:00,6,529,323.1,5,0,-0.4999999999999998,-2.4492935982947064e-16,8.0,4.95
2022-04-30 23:00:00,1,454,323.1,6,0,-0.4999999999999998,0.8660254037844386,7.0,0.71
2022-05-01 03:00:00,2,469,323.1,6,0,-0.8660254037844387,0.8660254037844388,7.0,0.71
2022-05-01 07:00:00,3,479,323.1,6,0,-0.8660254037844387,1.2246467991473532e-16,8.0,2.4
2022-05-01 11:00:00,4,466,323.1,6,0,-0.8660254037844387,-0.8660254037844384,10.333333333333334,1.49
2022-05-01 15:00:00,5,336,323.1,6,0,-0.8660254037844387,-0.8660254037844386,12.25,1.16
2022-05-01 19:00:00,6,325,323.1,6,0,-0.8660254037844387,-2.4492935982947064e-16,10.666666666666666,1.16
2022-05-01 23:00:00,1,455,315.8,0,1,-0.8660254037844387,0.8660254037844386,9.0,0.71
2022-05-02 03:00:00,2,468,315.8,0,1,-0.8660254037844387,0.8660254037844388,9.0,1.43
2022-05-02 07:00:00,3,576,315.8,0,1,-0.8660254037844387,1.2246467991473532e-16,10.0,5.27
2022-05-02 11:00:00,4,494,315.8,0,1,-0.8660254037844387,-0.8660254037844384,13.0,2.94
2022-05-02 15:00:00,5,361,315.8,0,1,-0.8660254037844387,-0.8660254037844386,10.333333333333334,2.72
2022-05-02 19:00:00,6,436,315.8,0,1,-0.8660254037844387,-2.4492935982947064e-16,8.5,4.95
2022-05-02 23:00:00,1,455,328.9,1,1,-0.8660254037844387,0.8660254037844386,7.0,1.5
2022-05-03 03:00:00,2,461,328.9,1,1,-0.8660254037844387,0.8660254037844388,6.0,1.95
2022-05-03 07:00:00,3,321,328.9,1,1,-0.8660254037844387,1.2246467991473532e-16,7.0,0.79
2022-05-03 11:00:00,4,258,328.9,1,1,-0.8660254037844387,-0.8660254037844384,9.333333333333334,0.71
2022-05-03 15:00:00,5,329,328.9,1,1,-0.8660254037844387,-0.8660254037844386,11.0,1.14
2022-05-03 19:00:00,6,418,328.9,1,1,-0.8660254037844387,-2.4492935982947064e-16,10.75,4.86
2022-05-03 23:00:00,1,449,330.2,2,1,-0.8660254037844387,0.8660254037844386,10.0,1.49
2022-05-04 03:00:00,2,454,330.2,2,1,-0.8660254037844387,0.8660254037844388,9.333333333333334,2.95
2022-05-04 07:00:00,3,305,330.2,2,1,-0.8660254037844387,1.2246467991473532e-16,9.333333333333334,3.41
2022-05-04 11:00:00,4,492,330.2,2,1,-0.8660254037844387,-0.8660254037844384,12.333333333333334,5.4
2022-05-04 15:00:00,5,560,330.2,2,1,-0.8660254037844387,-0.8660254037844386,12.25,12.25
2022-05-04 19:00:00,6,416,330.2,2,1,-0.8660254037844387,-2.4492935982947064e-16,9.75,4.84
2022-05-04 23:00:00,1,449,332.1,3,1,-0.8660254037844387,0.8660254037844386,7.0,1.5
2022-05-05 03:00:00,2,455,332.1,3,1,-0.8660254037844387,0.8660254037844388,6.0,4.05
2022-05-05 07:00:00,3,317,332.1,3,1,-0.8660254037844387,1.2246467991473532e-16,10.0,5.95
2022-05-05 11:00:00,4,273,332.1,3,1,-0.8660254037844387,-0.8660254037844384,13.0,1.16
2022-05-05 15:00:00,5,405,332.1,3,1,-0.8660254037844387,-0.8660254037844386,15.0,9.84
2022-05-05 19:00:00,6,415,332.1,3,1,-0.8660254037844387,-2.4492935982947064e-16,12.25,11.51
2022-05-05 23:00:00,1,609,333.6,4,1,-0.8660254037844387,0.8660254037844386,10.0,2.5
2022-05-06 03:00:00,2,627,333.6,4,1,-0.8660254037844387,0.8660254037844388,10.333333333333334,3.86
2022-05-06 07:00:00,3,632,333.6,4,1,-0.8660254037844387,1.2246467991473532e-16,11.0,14.84
2022-05-06 11:00:00,4,585,333.6,4,1,-0.8660254037844387,-0.8660254037844384,11.5,4.3
2022-05-06 15:00:00,5,547,333.6,4,1,-0.8660254037844387,-0.8660254037844386,12.0,11.94
2022-05-06 19:00:00,6,421,333.6,4,1,-0.8660254037844387,-2.4492935982947064e-16,12.0,9.95
2022-05-06 23:00:00,1,452,333.6,5,0,-0.8660254037844387,0.8660254037844386,8.0,2.6
2022-05-07 03:00:00,2,466,333.6,5,0,-0.8660254037844387,0.8660254037844388,7.0,2.95
2022-05-07 07:00:00,3,572,333.6,5,0,-0.8660254037844387,1.2246467991473532e-16,10.0,6.24
2022-05-07 11:00:00,4,642,333.6,5,0,-0.8660254037844387,-0.8660254037844384,12.0,2.95
2022-05-07 15:00:00,5,610,333.6,5,0,-0.8660254037844387,-0.8660254037844386,12.75,2.95
2022-05-07 19:00:00,6,434,333.6,5,0,-0.8660254037844387,-2.4492935982947064e-16,10.5,4.95
2022-05-07 23:00:00,1,495,333.6,6,0,-0.8660254037844387,0.8660254037844386,6.0,0.61
2022-05-08 03:00:00,2,748,333.6,6,0,-0.8660254037844387,0.8660254037844388,5.666666666666667,2.95
2022-05-08 07:00:00,3,798,333.6,6,0,-0.8660254037844387,1.2246467991473532e-16,9.5,47.0
2022-05-08 11:00:00,4,820,333.6,6,0,-0.8660254037844387,-0.8660254037844384,13.0,44.0
2022-05-08 15:00:00,5,706,333.6,6,0,-0.8660254037844387,-0.8660254037844386,15.5,59.0
2022-05-08 19:00:00,6,433,333.6,6,0,-0.8660254037844387,-2.4492935982947064e-16,15.5,2.5
2022-05-08 23:00:00,1,626,318.0,0,1,-0.8660254037844387,0.8660254037844386,10.0,41.0
2022-05-09 03:00:00,2,480,318.0,0,1,-0.8660254037844387,0.8660254037844388,8.0,50.0
2022-05-09 07:00:00,3,491,318.0,0,1,-0.8660254037844387,1.2246467991473532e-16,11.0,55.0
2022-05-09 11:00:00,4,649,318.0,0,1,-0.8660254037844387,-0.8660254037844384,17.0,52.0
2022-05-09 15:00:00,5,501,318.0,0,1,-0.8660254037844387,-0.8660254037844386,16.5,19.27
2022-05-09 19:00:00,6,492,318.0,0,1,-0.8660254037844387,-2.4492935982947064e-16,15.5,32.0
2022-05-09 23:00:00,1,762,318.5,1,1,-0.8660254037844387,0.8660254037844386,12.333333333333334,19.0
2022-05-10 03:00:00,2,756,318.5,1,1,-0.8660254037844387,0.8660254037844388,12.0,10.8
2022-05-10 07:00:00,3,831,318.5,1,1,-0.8660254037844387,1.2246467991473532e-16,10.0,80.0
2022-05-10 11:00:00,4,858,318.5,1,1,-0.8660254037844387,-0.8660254037844384,14.0,42.0
2022-05-10 15:00:00,5,692,318.5,1,1,-0.8660254037844387,-0.8660254037844386,15.333333333333334,80.0
2022-05-10 19:00:00,6,578,318.5,1,1,-0.8660254037844387,-2.4492935982947064e-16,12.25,39.9
2022-05-10 23:00:00,1,805,329.2,2,1,-0.8660254037844387,0.8660254037844386,10.333333333333334,3.41
2022-05-11 03:00:00,2,816,329.2,2,1,-0.8660254037844387,0.8660254037844388,10.472222222222223,4.95
2022-05-11 07:00:00,3,839,329.2,2,1,-0.8660254037844387,1.2246467991473532e-16,10.61111111111111,12.9
2022-05-11 11:00:00,4,828,329.2,2,1,-0.8660254037844387,-0.8660254037844384,10.75,5.52
2022-05-11 15:00:00,5,650,329.2,2,1,-0.8660254037844387,-0.8660254037844386,12.0,7.05
2022-05-11 19:00:00,6,420,329.2,2,1,-0.8660254037844387,-2.4492935982947064e-16,9.75,0.84
2022-05-11 23:00:00,1,669,321.0,3,1,-0.8660254037844387,0.8660254037844386,8.333333333333334,2.95
2022-05-12 03:00:00,2,732,321.0,3,1,-0.8660254037844387,0.8660254037844388,8.0,19.9
2022-05-12 07:00:00,3,656,321.0,3,1,-0.8660254037844387,1.2246467991473532e-16,9.5,29.9
2022-05-12 11:00:00,4,669,321.0,3,1,-0.8660254037844387,-0.8660254037844384,11.0,35.0
2022-05-12 15:00:00,5,594,321.0,3,1,-0.8660254037844387,-0.8660254037844386,12.75,78.0
2022-05-12 19:00:00,6,550,321.0,3,1,-0.8660254037844387,-2.4492935982947064e-16,11.0,19.9
2022-05-12 23:00:00,1,781,329.8,4,1,-0.8660254037844387,0.8660254037844386,9.0,14.0
2022-05-13 03:00:00,2,786,329.8,4,1,-0.8660254037844387,0.8660254037844388,9.0,24.9
2022-05-13 07:00:00,3,876,329.8,4,1,-0.8660254037844387,1.2246467991473532e-16,10.0,95.0
2022-05-13 11:00:00,4,883,329.8,4,1,-0.8660254037844387,-0.8660254037844384,12.0,70.0
2022-05-13 15:00:00,5,667,329.8,4,1,-0.8660254037844387,-0.8660254037844386,14.25,49.9
2022-05-13 19:00:00,6,646,329.8,4,1,-0.8660254037844387,-2.4492935982947064e-16,13.0,39.98
2022-05-13 23:00:00,1,553,329.8,5,0,-0.8660254037844387,0.8660254037844386,10.333333333333334,3.08
2022-05-14 03:00:00,2,569,329.8,5,0,-0.8660254037844387,0.8660254037844388,9.0,2.49
2022-05-14 07:00:00,3,564,329.8,5,0,-0.8660254037844387,1.2246467991473532e-16,10.0,2.95
2022-05-14 11:00:00,4,538,329.8,5,0,-0.8660254037844387,-0.8660254037844384,16.5,1.2
2022-05-14 15:00:00,5,592,329.8,5,0,-0.8660254037844387,-0.8660254037844386,19.0,12.53
2022-05-14 19:00:00,6,334,329.8,5,0,-0.8660254037844387,-2.4492935982947064e-16,18.0,1.08
2022-05-14 23:00:00,1,496,329.8,6,0,-0.8660254037844387,0.8660254037844386,11.5,0.7
2022-05-15 03:00:00,2,668,329.8,6,0,-0.8660254037844387,0.8660254037844388,11.75,1.71
2022-05-15 07:00:00,3,749,329.8,6,0,-0.8660254037844387,1.2246467991473532e-16,12.0,32.0
2022-05-15 11:00:00,4,827,329.8,6,0,-0.8660254037844387,-0.8660254037844384,15.0,29.9
2022-05-15 15:00:00,5,640,329.8,6,0,-0.8660254037844387,-0.8660254037844386,16.333333333333332,72.99
2022-05-15 19:00:00,6,551,329.8,6,0,-0.8660254037844387,-2.4492935982947064e-16,12.25,5.4
2022-05-15 23:00:00,1,701,333.3,0,1,-0.8660254037844387,0.8660254037844386,10.5,4.45
2022-05-16 03:00:00,2,799,333.3,0,1,-0.8660254037844387,0.8660254037844388,9.0,4.95
2022-05-16 07:00:00,3,651,333.3,0,1,-0.8660254037844387,1.2246467991473532e-16,10.0,8.24
2022-05-16 11:00:00,4,829,333.3,0,1,-0.8660254037844387,-0.8660254037844384,12.25,3.55
2022-05-16 15:00:00,5,741,333.3,0,1,-0.8660254037844387,-0.8660254037844386,18.33333333333333,29.9
2022-05-16 19:00:00,6,423,333.3,0,1,-0.8660254037844387,-2.4492935982947064e-16,14.5,2.95
2022-05-16 23:00:00,1,582,337.5,1,1,-0.8660254037844387,0.8660254037844386,11.333333333333334,1.0
2022-05-17 03:00:00,2,606,337.5,1,1,-0.8660254037844387,0.8660254037844388,10.0,2.82
2022-05-17 07:00:00,3,587,337.5,1,1,-0.8660254037844387,1.2246467991473532e-16,12.5,2.95
2022-05-17 11:00:00,4,809,337.5,1,1,-0.8660254037844387,-0.8660254037844384,18.5,3.95
2022-05-17 15:00:00,5,677,337.5,1,1,-0.8660254037844387,-0.8660254037844386,19.75,35.0
2022-05-17 19:00:00,6,550,337.5,1,1,-0.8660254037844387,-2.4492935982947064e-16,17.333333333333332,4.95
2022-05-17 23:00:00,1,790,339.6,2,1,-0.8660254037844387,0.8660254037844386,13.333333333333334,2.0
2022-05-18 03:00:00,2,768,339.6,2,1,-0.8660254037844387,0.8660254037844388,10.0,35.0
2022-05-18 07:00:00,3,798,339.6,2,1,-0.8660254037844387,1.2246467991473532e-16,13.0,50.0
2022-05-18 11:00:00,4,811,339.6,2,1,-0.8660254037844387,-0.8660254037844384,16.5,39.9
2022-05-18 15:00:00,5,602,339.6,2,1,-0.8660254037844387,-0.8660254037844386,17.75,39.9
2022-05-18 19:00:00,6,550,339.6,2,1,-0.8660254037844387,-2.4492935982947064e-16,15.5,49.9
2022-05-18 23:00:00,1,750,334.4,3,1,-0.8660254037844387,0.8660254037844386,11.666666666666666,1.95
2022-05-19 03:00:00,2,725,334.4,3,1,-0.8660254037844387,0.8660254037844388,9.666666666666666,1.95
2022-05-19 07:00:00,3,661,334.4,3,1,-0.8660254037844387,1.2246467991473532e-16,11.0,2.95
2022-05-19 11:00:00,4,616,334.4,3,1,-0.8660254037844387,-0.8660254037844384,15.0,3.1
2022-05-19 15:00:00,5,632,334.4,3,1,-0.8660254037844387,-0.8660254037844386,16.25,30.0
2022-05-19 19:00:00,6,426,334.4,3,1,-0.8660254037844387,-2.4492935982947064e-16,15.0,0.85
2022-05-19 23:00:00,1,616,336.1,4,1,-0.8660254037844387,0.8660254037844386,10.0,5.99
2022-05-20 03:00:00,2,619,336.1,4,1,-0.8660254037844387,0.8660254037844388,9.0,4.25
2022-05-20 07:00:00,3,545,336.1,4,1,-0.8660254037844387,1.2246467991473532e-16,11.0,11.52
2022-05-20 11:00:00,4,584,336.1,4,1,-0.8660254037844387,-0.8660254037844384,13.0,7.0
2022-05-20 15:00:00,5,606,336.1,4,1,-0.8660254037844387,-0.8660254037844386,14.0,30.0
2022-05-20 19:00:00,6,533,336.1,4,1,-0.8660254037844387,-2.4492935982947064e-16,10.666666666666666,7.0
2022-05-20 23:00:00,1,678,336.1,5,0,-0.8660254037844387,0.8660254037844386,10.0,1.95
2022-05-21 03:00:00,2,780,336.1,5,0,-0.8660254037844387,0.8660254037844388,9.666666666666666,1.95
2022-05-21 07:00:00,3,847,336.1,5,0,-0.8660254037844387,1.2246467991473532e-16,10.5,25.0
2022-05-21 11:00:00,4,858,336.1,5,0,-0.8660254037844387,-0.8660254037844384,11.5,20.0
2022-05-21 15:00:00,5,701,336.1,5,0,-0.8660254037844387,-0.8660254037844386,14.75,35.0
2022-05-21 19:00:00,6,456,336.1,5,0,-0.8660254037844387,-2.4492935982947064e-16,13.0,1.99
2022-05-21 23:00:00,1,692,336.1,6,0,-0.8660254037844387,0.8660254037844386,10.0,1.1
2022-05-22 03:00:00,2,818,336.1,6,0,-0.8660254037844387,0.8660254037844388,10.666666666666666,10.0
2022-05-22 07:00:00,3,854,336.1,6,0,-0.8660254037844387,1.2246467991473532e-16,12.0,45.0
2022-05-22 11:00:00,4,883,336.1,6,0,-0.8660254037844387,-0.8660254037844384,15.666666666666666,23.75
2022-05-22 15:00:00,5,750,336.1,6,0,-0.8660254037844387,-0.8660254037844386,17.0,39.82
2022-05-22 19:00:00,6,442,336.1,6,0,-0.8660254037844387,-2.4492935982947064e-16,15.25,1.1
2022-05-22 23:00:00,1,645,342.8,0,1,-0.8660254037844387,0.8660254037844386,11.75,1.23
2022-05-23 03:00:00,2,652,342.8,0,1,-0.8660254037844387,0.8660254037844388,10.0,1.95
2022-05-23 07:00:00,3,519,342.8,0,1,-0.8660254037844387,1.2246467991473532e-16,11.666666666666666,1.23
2022-05-23 11:00:00,4,446,342.8,0,1,-0.8660254037844387,-0.8660254037844384,13.5,1.23
2022-05-23 15:00:00,5,532,342.8,0,1,-0.8660254037844387,-0.8660254037844386,12.75,3.76
2022-05-23 19:00:00,6,425,342.8,0,1,-0.8660254037844387,-2.4492935982947064e-16,10.333333333333334,2.45
2022-05-23 23:00:00,1,633,339.4,1,1,-0.8660254037844387,0.8660254037844386,9.0,1.95
2022-05-24 03:00:00,2,677,339.4,1,1,-0.8660254037844387,0.8660254037844388,8.0,3.55
2022-05-24 07:00:00,3,635,339.4,1,1,-0.8660254037844387,1.2246467991473532e-16,9.5,5.1
2022-05-24 11:00:00,4,598,339.4,1,1,-0.8660254037844387,-0.8660254037844384,12.0,3.95
2022-05-24 15:00:00,5,598,339.4,1,1,-0.8660254037844387,-0.8660254037844386,12.0,45.0
2022-05-24 19:00:00,6,421,339.4,1,1,-0.8660254037844387,-2.4492935982947064e-16,12.0,1.99
2022-05-24 23:00:00,1,632,345.8,2,1,-0.8660254037844387,0.8660254037844386,10.0,1.95
2022-05-25 03:00:00,2,701,345.8,2,1,-0.8660254037844387,0.8660254037844388,9.0,2.45
2022-05-25 07:00:00,3,741,345.8,2,1,-0.8660254037844387,1.2246467991473532e-16,10.0,4.95
2022-05-25 11:00:00,4,838,345.8,2,1,-0.8660254037844387,-0.8660254037844384,12.0,40.0
2022-05-25 15:00:00,5,651,345.8,2,1,-0.8660254037844387,-0.8660254037844386,13.0,74.99
2022-05-25 19:00:00,6,639,345.8,2,1,-0.8660254037844387,-2.4492935982947064e-16,13.0,17.06
2022-05-25 23:00:00,1,690,349.5,3,1,-0.8660254037844387,0.8660254037844386,10.0,1.95
2022-05-26 03:00:00,2,788,349.5,3,1,-0.8660254037844387,0.8660254037844388,10.0,5.0
2022-05-26 07:00:00,3,831,349.5,3,1,-0.8660254037844387,1.2246467991473532e-16,11.0,34.0
2022-05-26 11:00:00,4,870,349.5,3,1,-0.8660254037844387,-0.8660254037844384,13.333333333333334,68.0
2022-05-26 15:00:00,5,655,349.5,3,1,-0.8660254037844387,-0.8660254037844386,14.0,84.0
2022-05-26 19:00:00,6,643,349.5,3,1,-0.8660254037844387,-2.4492935982947064e-16,12.333333333333334,15.0
2022-05-26 23:00:00,1,728,348.5,4,1,-0.8660254037844387,0.8660254037844386,8.0,3.49
2022-05-27 03:00:00,2,779,348.5,4,1,-0.8660254037844387,0.8660254037844388,8.0,9.9
2022-05-27 07:00:00,3,855,348.5,4,1,-0.8660254037844387,1.2246467991473532e-16,9.875,65.01
2022-05-27 11:00:00,4,864,348.5,4,1,-0.8660254037844387,-0.8660254037844384,11.75,69.95
2022-05-27 15:00:00,5,654,348.5,4,1,-0.8660254037844387,-0.8660254037844386,12.333333333333334,74.99
2022-05-27 19:00:00,6,643,348.5,4,1,-0.8660254037844387,-2.4492935982947064e-16,10.5,39.95
2022-05-27 23:00:00,1,680,348.5,5,0,-0.8660254037844387,0.8660254037844386,7.0,2.95
2022-05-28 03:00:00,2,801,348.5,5,0,-0.8660254037844387,0.8660254037844388,6.0,9.9
2022-05-28 07:00:00,3,868,348.5,5,0,-0.8660254037844387,1.2246467991473532e-16,11.0,64.9
2022-05-28 11:00:00,4,880,348.5,5,0,-0.8660254037844387,-0.8660254037844384,12.5,77.0
2022-05-28 15:00:00,5,722,348.5,5,0,-0.8660254037844387,-0.8660254037844386,13.5,74.9
2022-05-28 19:00:00,6,649,348.5,5,0,-0.8660254037844387,-2.4492935982947064e-16,9.75,2.67
2022-05-28 23:00:00,1,776,348.5,6,0,-0.8660254037844387,0.8660254037844386,6.75,1.95
2022-05-29 03:00:00,2,848,348.5,6,0,-0.8660254037844387,0.8660254037844388,6.0,45.0
2022-05-29 07:00:00,3,897,348.5,6,0,-0.8660254037844387,1.2246467991473532e-16,7.0,54.9
2022-05-29 11:00:00,4,909,348.5,6,0,-0.8660254037844387,-0.8660254037844384,9.5,64.9
2022-05-29 15:00:00,5,749,348.5,6,0,-0.8660254037844387,-0.8660254037844386,10.5,64.9
2022-05-29 19:00:00,6,656,348.5,6,0,-0.8660254037844387,-2.4492935982947064e-16,9.5,3.76
2022-05-29 23:00:00,1,718,349.6,0,1,-0.8660254037844387,0.8660254037844386,8.333333333333334,3.64
2022-05-30 03:00:00,2,717,349.6,0,1,-0.8660254037844387,0.8660254037844388,7.5,15.0
2022-05-30 07:00:00,3,671,349.6,0,1,-0.8660254037844387,1.2246467991473532e-16,8.0,17.47
2022-05-30 11:00:00,4,588,349.6,0,1,-0.8660254037844387,-0.8660254037844384,9.0,5.95
2022-05-30 15:00:00,5,646,349.6,0,1,-0.8660254037844387,-0.8660254037844386,10.0,22.25
2022-05-30 19:00:00,6,545,349.6,0,1,-0.8660254037844387,-2.4492935982947064e-16,9.0,6.34
2022-05-30 23:00:00,1,426,351.1,1,1,-0.8660254037844387,0.8660254037844386,7.75,0.8
2022-05-31 03:00:00,2,442,351.1,1,1,-0.8660254037844387,0.8660254037844388,6.75,1.05
2022-05-31 07:00:00,3,483,351.1,1,1,-0.8660254037844387,1.2246467991473532e-16,7.5,1.64
2022-05-31 11:00:00,4,478,351.1,1,1,-0.8660254037844387,-0.8660254037844384,10.666666666666666,1.96
2022-05-31 15:00:00,5,559,351.1,1,1,-0.8660254037844387,-0.8660254037844386,9.0,5.02
2022-05-31 19:00:00,6,388,351.1,1,1,-0.8660254037844387,-2.4492935982947064e-16,8.0,2.49
2022-05-31 23:00:00,1,560,346.7,2,1,-0.8660254037844387,0.8660254037844386,8.0,1.51
2022-06-01 03:00:00,2,555,346.7,2,1,-1.0,0.8660254037844388,6.5,14.9
2022-06-01 07:00:00,3,554,346.7,2,1,-1.0,1.2246467991473532e-16,9.333333333333334,34.8
2022-06-01 11:00:00,4,661,346.7,2,1,-1.0,-0.8660254037844384,12.0,34.8
2022-06-01 15:00:00,5,537,346.7,2,1,-1.0,-0.8660254037844386,14.0,34.8
2022-06-01 19:00:00,6,540,346.7,2,1,-1.0,-2.4492935982947064e-16,13.0,12.75
2022-06-01 23:00:00,1,584,345.7,3,1,-1.0,0.8660254037844386,12.714285714285714,1.5
2022-06-02 03:00:00,2,611,345.7,3,1,-1.0,0.8660254037844388,12.428571428571429,1.95
2022-06-02 07:00:00,3,790,345.7,3,1,-1.0,1.2246467991473532e-16,12.142857142857142,4.95
2022-06-02 11:00:00,4,795,345.7,3,1,-1.0,-0.8660254037844384,11.857142857142858,3.95
2022-06-02 15:00:00,5,678,345.7,3,1,-1.0,-0.8660254037844386,11.571428571428571,8.9
2022-06-02 19:00:00,6,585,345.7,3,1,-1.0,-2.4492935982947064e-16,11.285714285714286,5.49
2022-06-02 23:00:00,1,734,347.8,4,1,-1.0,0.8660254037844386,11.0,29.9
2022-06-03 03:00:00,2,780,347.8,4,1,-1.0,0.8660254037844388,10.714285714285715,2.49
2022-06-03 07:00:00,3,834,347.8,4,1,-1.0,1.2246467991473532e-16,10.428571428571429,54.9
2022-06-03 11:00:00,4,888,347.8,4,1,-1.0,-0.8660254037844384,10.142857142857142,44.49
2022-06-03 15:00:00,5,721,347.8,4,1,-1.0,-0.8660254037844386,9.857142857142858,39.9
2022-06-03 19:00:00,6,640,347.8,4,1,-1.0,-2.4492935982947064e-16,9.571428571428571,49.9
2022-06-03 23:00:00,1,745,347.8,5,0,-1.0,0.8660254037844386,9.285714285714286,39.9
2022-06-04 03:00:00,2,795,347.8,5,0,-1.0,0.8660254037844388,9.0,39.9
2022-06-04 07:00:00,3,880,347.8,5,0,-1.0,1.2246467991473532e-16,9.75,59.49
2022-06-04 11:00:00,4,891,347.8,5,0,-1.0,-0.8660254037844384,10.75,54.9
2022-06-04 15:00:00,5,730,347.8,5,0,-1.0,-0.8660254037844386,12.0,69.9
2022-06-04 19:00:00,6,685,347.8,5,0,-1.0,-2.4492935982947064e-16,10.5,49.9
2022-06-04 23:00:00,1,790,347.8,6,0,-1.0,0.8660254037844386,7.75,29.9
2022-06-05 03:00:00,2,836,347.8,6,0,-1.0,0.8660254037844388,7.0,9.9
2022-06-05 07:00:00,3,848,347.8,6,0,-1.0,1.2246467991473532e-16,8.0,59.49
2022-06-05 11:00:00,4,785,347.8,6,0,-1.0,-0.8660254037844384,10.0,3.95
2022-06-05 15:00:00,5,693,347.8,6,0,-1.0,-0.8660254037844386,10.5,39.9
2022-06-05 19:00:00,6,586,347.8,6,0,-1.0,-2.4492935982947064e-16,9.25,4.35
2022-06-05 23:00:00,1,738,352.5,0,1,-1.0,0.8660254037844386,8.75,39.9
2022-06-06 03:00:00,2,784,352.5,0,1,-1.0,0.8660254037844388,8.75,9.9
2022-06-06 07:00:00,3,599,352.5,0,1,-1.0,1.2246467991473532e-16,9.25,1.95
2022-06-06 11:00:00,4,611,352.5,0,1,-1.0,-0.8660254037844384,12.0,4.45
2022-06-06 15:00:00,5,611,352.5,0,1,-1.0,-0.8660254037844386,13.25,7.69
2022-06-06 19:00:00,6,566,352.5,0,1,-1.0,-2.4492935982947064e-16,13.25,3.95
2022-06-06 23:00:00,1,678,356.9,1,1,-1.0,0.8660254037844386,8.5,39.9
2022-06-07 03:00:00,2,674,356.9,1,1,-1.0,0.8660254037844388,6.25,49.9
2022-06-07 07:00:00,3,633,356.9,1,1,-1.0,1.2246467991473532e-16,12.666666666666666,4.37
2022-06-07 11:00:00,4,612,356.9,1,1,-1.0,-0.8660254037844384,16.5,3.95
2022-06-07 15:00:00,5,568,356.9,1,1,-1.0,-0.8660254037844386,17.0,49.9
2022-06-07 19:00:00,6,469,356.9,1,1,-1.0,-2.4492935982947064e-16,15.333333333333334,29.9
2022-06-07 23:00:00,1,785,359.0,2,1,-1.0,0.8660254037844386,12.5,3.55
2022-06-08 03:00:00,2,779,359.0,2,1,-1.0,0.8660254037844388,11.0,9.9
2022-06-08 07:00:00,3,684,359.0,2,1,-1.0,1.2246467991473532e-16,13.5,54.9
2022-06-08 11:00:00,4,739,359.0,2,1,-1.0,-0.8660254037844384,15.25,12.9
2022-06-08 15:00:00,5,604,359.0,2,1,-1.0,-0.8660254037844386,16.0,59.9
2022-06-08 19:00:00,6,571,359.0,2,1,-1.0,-2.4492935982947064e-16,13.0,6.95
2022-06-08 23:00:00,1,787,354.5,3,1,-1.0,0.8660254037844386,11.333333333333334,2.95
2022-06-09 03:00:00,2,774,354.5,3,1,-1.0,0.8660254037844388,10.5,18.8
2022-06-09 07:00:00,3,629,354.5,3,1,-1.0,1.2246467991473532e-16,13.0,4.95
2022-06-09 11:00:00,4,626,354.5,3,1,-1.0,-0.8660254037844384,15.5,3.55
2022-06-09 15:00:00,5,617,354.5,3,1,-1.0,-0.8660254037844386,14.75,8.16
2022-06-09 19:00:00,6,575,354.5,3,1,-1.0,-2.4492935982947064e-16,15.0,7.0
2022-06-09 23:00:00,1,788,344.5,4,1,-1.0,0.8660254037844386,13.25,2.95
2022-06-10 03:00:00,2,910,344.5,4,1,-1.0,0.8660254037844388,11.5,3.08
2022-06-10 07:00:00,3,960,344.5,4,1,-1.0,1.2246467991473532e-16,13.75,44.0
2022-06-10 11:00:00,4,980,344.5,4,1,-1.0,-0.8660254037844384,18.25,72.5
2022-06-10 15:00:00,5,752,344.5,4,1,-1.0,-0.8660254037844386,18.0,96.69
2022-06-10 19:00:00,6,744,344.5,4,1,-1.0,-2.4492935982947064e-16,15.25,63.0
2022-06-10 23:00:00,1,917,344.5,5,0,-1.0,0.8660254037844386,11.666666666666666,19.9
2022-06-11 03:00:00,2,967,344.5,5,0,-1.0,0.8660254037844388,11.0,49.9
2022-06-11 07:00:00,3,968,344.5,5,0,-1.0,1.2246467991473532e-16,13.5,50.0
2022-06-11 11:00:00,4,973,344.5,5,0,-1.0,-0.8660254037844384,14.5,29.9
2022-06-11 15:00:00,5,818,344.5,5,0,-1.0,-0.8660254037844386,15.5,73.8
2022-06-11 19:00:00,6,781,344.5,5,0,-1.0,-2.4492935982947064e-16,13.5,79.69
2022-06-11 23:00:00,1,830,344.5,6,0,-1.0,0.8660254037844386,12.0,2.95
2022-06-12 03:00:00,2,959,344.5,6,0,-1.0,0.8660254037844388,10.5,19.75
2022-06-12 07:00:00,3,965,344.5,6,0,-1.0,1.2246467991473532e-16,12.0,44.69
2022-06-12 11:00:00,4,974,344.5,6,0,-1.0,-0.8660254037844384,14.0,42.9
2022-06-12 15:00:00,5,817,344.5,6,0,-1.0,-0.8660254037844386,13.5,78.7
2022-06-12 19:00:00,6,773,344.5,6,0,-1.0,-2.4492935982947064e-16,11.75,40.0
2022-06-12 23:00:00,1,812,334.4,0,1,-1.0,0.8660254037844386,9.75,2.95
2022-06-13 03:00:00,2,838,334.4,0,1,-1.0,0.8660254037844388,9.0,48.7
2022-06-13 07:00:00,3,775,334.4,0,1,-1.0,1.2246467991473532e-16,11.25,5.32
2022-06-13 11:00:00,4,749,334.4,0,1,-1.0,-0.8660254037844384,14.666666666666666,2.95
2022-06-13 15:00:00,5,646,334.4,0,1,-1.0,-0.8660254037844386,14.75,40.0
2022-06-13 19:00:00,6,560,334.4,0,1,-1.0,-2.4492935982947064e-16,12.666666666666666,6.95
2022-06-13 23:00:00,1,792,337.0,1,1,-1.0,0.8660254037844386,8.5,19.75
2022-06-14 03:00:00,2,833,337.0,1,1,-1.0,0.8660254037844388,9.0,39.75
2022-06-14 07:00:00,3,759,337.0,1,1,-1.0,1.2246467991473532e-16,12.5,19.75
2022-06-14 11:00:00,4,732,337.0,1,1,-1.0,-0.8660254037844384,14.0,12.01
2022-06-14 15:00:00,5,677,337.0,1,1,-1.0,-0.8660254037844386,14.125,43.69
2022-06-14 19:00:00,6,523,337.0,1,1,-1.0,-2.4492935982947064e-16,14.25,39.75
2022-06-14 23:00:00,1,828,334.6,2,1,-1.0,0.8660254037844386,9.333333333333334,5.84
2022-06-15 03:00:00,2,856,334.6,2,1,-1.0,0.8660254037844388,7.75,3.5
2022-06-15 07:00:00,3,832,334.6,2,1,-1.0,1.2246467991473532e-16,14.0,19.75
2022-06-15 11:00:00,4,843,334.6,2,1,-1.0,-0.8660254037844384,19.25,10.15
2022-06-15 15:00:00,5,745,334.6,2,1,-1.0,-0.8660254037844386,20.0,63.8
2022-06-15 19:00:00,6,693,334.6,2,1,-1.0,-2.4492935982947064e-16,17.25,44.69
2022-06-15 23:00:00,1,821,322.3,3,1,-1.0,0.8660254037844386,12.0,8.05
2022-06-16 03:00:00,2,828,322.3,3,1,-1.0,0.8660254037844388,10.5,20.5
2022-06-16 07:00:00,3,817,322.3,3,1,-1.0,1.2246467991473532e-16,15.75,34.95
2022-06-16 11:00:00,4,821,322.3,3,1,-1.0,-0.8660254037844384,19.75,29.75
2022-06-16 15:00:00,5,705,322.3,3,1,-1.0,-0.8660254037844386,22.0,46.7
2022-06-16 19:00:00,6,570,322.3,3,1,-1.0,-2.4492935982947064e-16,19.75,2.5
2022-06-16 23:00:00,1,787,309.3,4,1,-1.0,0.8660254037844386,18.0,3.9
2022-06-17 03:00:00,2,890,309.3,4,1,-1.0,0.8660254037844388,16.5,37.75
2022-06-17 07:00:00,3,905,309.3,4,1,-1.0,1.2246467991473532e-16,19.0,80.01
2022-06-17 11:00:00,4,911,309.3,4,1,-1.0,-0.8660254037844384,23.5,61.9
2022-06-17 15:00:00,5,712,309.3,4,1,-1.0,-0.8660254037844386,19.75,79.7
2022-06-17 19:00:00,6,669,309.3,4,1,-1.0,-2.4492935982947064e-16,15.666666666666666,64.9
2022-06-17 23:00:00,1,831,309.3,5,0,-1.0,0.8660254037844386,13.5,39.9
2022-06-18 03:00:00,2,882,309.3,5,0,-1.0,0.8660254037844388,10.75,39.9
2022-06-18 07:00:00,3,889,309.3,5,0,-1.0,1.2246467991473532e-16,11.75,69.69
2022-06-18 11:00:00,4,898,309.3,5,0,-1.0,-0.8660254037844384,13.5,51.4
2022-06-18 15:00:00,5,752,309.3,5,0,-1.0,-0.8660254037844386,11.75,59.9
2022-06-18 19:00:00,6,684,309.3,5,0,-1.0,-2.4492935982947064e-16,10.75,49.9
2022-06-18 23:00:00,1,846,309.3,6,0,-1.0,0.8660254037844386,8.75,39.7
2022-06-19 03:00:00,2,860,309.3,6,0,-1.0,0.8660254037844388,8.5,57.0
2022-06-19 07:00:00,3,897,309.3,6,0,-1.0,1.2246467991473532e-16,11.25,59.7
2022-06-19 11:00:00,4,907,309.3,6,0,-1.0,-0.8660254037844384,13.75,55.0
2022-06-19 15:00:00,5,736,309.3,6,0,-1.0,-0.8660254037844386,16.5,69.7
2022-06-19 19:00:00,6,659,309.3,6,0,-1.0,-2.4492935982947064e-16,14.25,40.2
2022-06-19 23:00:00,1,844,315.9,0,1,-1.0,0.8660254037844386,9.75,39.7
2022-06-20 03:00:00,2,855,315.9,0,1,-1.0,0.8660254037844388,8.75,49.9
2022-06-20 07:00:00,3,857,315.9,0,1,-1.0,1.2246467991473532e-16,11.5,44.7
2022-06-20 11:00:00,4,858,315.9,0,1,-1.0,-0.8660254037844384,15.75,34.7
2022-06-20 15:00:00,5,656,315.9,0,1,-1.0,-0.8660254037844386,18.25,24.7
2022-06-20 19:00:00,6,617,315.9,0,1,-1.0,-2.4492935982947064e-16,15.75,29.6
2022-06-20 23:00:00,1,810,319.4,1,1,-1.0,0.8660254037844386,10.75,19.75
2022-06-21 03:00:00,2,857,319.4,1,1,-1.0,0.8660254037844388,9.75,34.95
2022-06-21 07:00:00,3,802,319.4,1,1,-1.0,1.2246467991473532e-16,15.5,29.75
2022-06-21 11:00:00,4,808,319.4,1,1,-1.0,-0.8660254037844384,19.75,19.75
2022-06-21 15:00:00,5,570,319.4,1,1,-1.0,-0.8660254037844386,20.75,32.0
2022-06-21 19:00:00,6,502,319.4,1,1,-1.0,-2.4492935982947064e-16,18.0,34.95
2022-06-21 23:00:00,1,723,308.9,2,1,-1.0,0.8660254037844386,13.0,24.99
2022-06-22 03:00:00,2,822,308.9,2,1,-1.0,0.8660254037844388,11.0,41.75
2022-06-22 07:00:00,3,754,308.9,2,1,-1.0,1.2246467991473532e-16,15.25,39.9
2022-06-22 11:00:00,4,804,308.9,2,1,-1.0,-0.8660254037844384,20.0,34.95
2022-06-22 15:00:00,5,618,308.9,2,1,-1.0,-0.8660254037844386,20.0,69.95
2022-06-22 19:00:00,6,628,308.9,2,1,-1.0,-2.4492935982947064e-16,16.333333333333332,29.99
2022-06-22 23:00:00,1,857,302.8,3,1,-1.0,0.8660254037844386,12.75,4.48
2022-06-23 03:00:00,2,880,302.8,3,1,-1.0,0.8660254037844388,11.75,4.07
2022-06-23 07:00:00,3,829,302.8,3,1,-1.0,1.2246467991473532e-16,17.5,16.0
2022-06-23 11:00:00,4,836,302.8,3,1,-1.0,-0.8660254037844384,24.0,6.82
2022-06-23 15:00:00,5,661,302.8,3,1,-1.0,-0.8660254037844386,23.0,50.0
2022-06-23 19:00:00,6,673,302.8,3,1,-1.0,-2.4492935982947064e-16,18.0,39.8
2022-06-23 23:00:00,1,854,309.0,4,1,-1.0,0.8660254037844386,14.0,5.07
2022-06-24 03:00:00,2,931,309.0,4,1,-1.0,0.8660254037844388,14.5,41.75
2022-06-24 07:00:00,3,814,309.0,4,1,-1.0,1.2246467991473532e-16,16.75,18.48
2022-06-24 11:00:00,4,835,309.0,4,1,-1.0,-0.8660254037844384,18.75,7.95
2022-06-24 15:00:00,5,712,309.0,4,1,-1.0,-0.8660254037844386,18.75,39.95
2022-06-24 19:00:00,6,682,309.0,4,1,-1.0,-2.4492935982947064e-16,17.0,59.95
2022-06-24 23:00:00,1,903,309.0,5,0,-1.0,0.8660254037844386,15.0,59.95
2022-06-25 03:00:00,2,942,309.0,5,0,-1.0,0.8660254037844388,11.5,61.0
2022-06-25 07:00:00,3,948,309.0,5,0,-1.0,1.2246467991473532e-16,13.25,89.95
2022-06-25 11:00:00,4,956,309.0,5,0,-1.0,-0.8660254037844384,16.75,69.95
2022-06-25 15:00:00,5,792,309.0,5,0,-1.0,-0.8660254037844386,17.0,105.0
2022-06-25 19:00:00,6,715,309.0,5,0,-1.0,-2.4492935982947064e-16,13.0,79.8
2022-06-25 23:00:00,1,931,309.0,6,0,-1.0,0.8660254037844386,11.0,65.0
2022-06-26 03:00:00,2,942,309.0,6,0,-1.0,0.8660254037844388,9.5,59.0
2022-06-26 07:00:00,3,942,309.0,6,0,-1.0,1.2246467991473532e-16,13.0,70.0
2022-06-26 11:00:00,4,952,309.0,6,0,-1.0,-0.8660254037844384,17.0,68.3
2022-06-26 15:00:00,5,783,309.0,6,0,-1.0,-0.8660254037844386,18.0,79.7
2022-06-26 19:00:00,6,745,309.0,6,0,-1.0,-2.4492935982947064e-16,15.5,83.1
2022-06-26 23:00:00,1,932,312.7,0,1,-1.0,0.8660254037844386,12.75,39.8
2022-06-27 03:00:00,2,942,312.7,0,1,-1.0,0.8660254037844388,12.0,57.8
2022-06-27 07:00:00,3,945,312.7,0,1,-1.0,1.2246467991473532e-16,11.75,78.96
2022-06-27 11:00:00,4,952,312.7,0,1,-1.0,-0.8660254037844384,13.333333333333334,55.0
2022-06-27 15:00:00,5,722,312.7,0,1,-1.0,-0.8660254037844386,15.0,95.96
2022-06-27 19:00:00,6,713,312.7,0,1,-1.0,-2.4492935982947064e-16,13.0,60.8
2022-06-27 23:00:00,1,794,318.9,1,1,-1.0,0.8660254037844386,9.666666666666666,2.95
2022-06-28 03:00:00,2,931,318.9,1,1,-1.0,0.8660254037844388,11.25,4.22
2022-06-28 07:00:00,3,957,318.9,1,1,-1.0,1.2246467991473532e-16,13.5,64.7
2022-06-28 11:00:00,4,967,318.9,1,1,-1.0,-0.8660254037844384,15.5,55.0
2022-06-28 15:00:00,5,736,318.9,1,1,-1.0,-0.8660254037844386,16.75,67.7
2022-06-28 19:00:00,6,729,318.9,1,1,-1.0,-2.4492935982947064e-16,15.0,56.96
2022-06-28 23:00:00,1,940,318.5,2,1,-1.0,0.8660254037844386,13.0,29.95
2022-06-29 03:00:00,2,956,318.5,2,1,-1.0,0.8660254037844388,12.25,39.95
2022-06-29 07:00:00,3,919,318.5,2,1,-1.0,1.2246467991473532e-16,13.25,59.95
2022-06-29 11:00:00,4,925,318.5,2,1,-1.0,-0.8660254037844384,17.5,49.95
2022-06-29 15:00:00,5,765,318.5,2,1,-1.0,-0.8660254037844386,16.0,65.6
2022-06-29 19:00:00,6,690,318.5,2,1,-1.0,-2.4492935982947064e-16,14.75,62.95
2022-06-29 23:00:00,1,824,311.7,3,1,-1.0,0.8660254037844386,12.333333333333334,19.95
2022-06-30 03:00:00,2,774,311.7,3,1,-1.0,0.8660254037844388,11.5,39.95
2022-06-30 07:00:00,3,783,311.7,3,1,-1.0,1.2246467991473532e-16,14.0,65.8
2022-06-30 11:00:00,4,858,311.7,3,1,-1.0,-0.8660254037844384,17.0,9.28
2022-06-30 15:00:00,5,733,311.7,3,1,-1.0,-0.8660254037844386,16.75,66.9
2022-06-30 19:00:00,6,729,311.7,3,1,-1.0,-2.4492935982947064e-16,14.75,67.96
2022-06-30 23:00:00,1,880,307.9,4,1,-1.0,0.8660254037844386,11.5,4.99
2022-07-01 03:00:00,2,889,307.9,4,1,-0.8660254037844388,0.8660254037844388,11.25,4.88
2022-07-01 07:00:00,3,855,307.9,4,1,-0.8660254037844388,1.2246467991473532e-16,13.25,10.6
2022-07-01 11:00:00,4,833,307.9,4,1,-0.8660254037844388,-0.8660254037844384,15.0,39.95
2022-07-01 15:00:00,5,860,307.9,4,1,-0.8660254037844388,-0.8660254037844386,14.0,11.82
2022-07-01 19:00:00,6,755,307.9,4,1,-0.8660254037844388,-2.4492935982947064e-16,13.5,3.62
2022-07-01 23:00:00,1,909,307.9,5,0,-0.8660254037844388,0.8660254037844386,12.0,24.95
2022-07-02 03:00:00,2,949,307.9,5,0,-0.8660254037844388,0.8660254037844388,11.333333333333334,39.95
2022-07-02 07:00:00,3,983,307.9,5,0,-0.8660254037844388,1.2246467991473532e-16,11.75,50.0
2022-07-02 11:00:00,4,963,307.9,5,0,-0.8660254037844388,-0.8660254037844384,15.25,55.0
2022-07-02 15:00:00,5,889,307.9,5,0,-0.8660254037844388,-0.8660254037844386,16.333333333333332,69.1
2022-07-02 19:00:00,6,853,307.9,5,0,-0.8660254037844388,-2.4492935982947064e-16,14.25,59.95
2022-07-02 23:00:00,1,830,307.9,6,0,-0.8660254037844388,0.8660254037844386,11.0,39.96
2022-07-03 03:00:00,2,943,307.9,6,0,-0.8660254037844388,0.8660254037844388,11.0,44.95
2022-07-03 07:00:00,3,936,307.9,6,0,-0.8660254037844388,1.2246467991473532e-16,13.333333333333334,57.96
2022-07-03 11:00:00,4,993,307.9,6,0,-0.8660254037844388,-0.8660254037844384,16.0,68.13
2022-07-03 15:00:00,5,891,307.9,6,0,-0.8660254037844388,-0.8660254037844386,16.0,74.95
2022-07-03 19:00:00,6,709,307.9,6,0,-0.8660254037844388,-2.4492935982947064e-16,13.0,74.95
2022-07-03 23:00:00,1,858,320.1,0,1,-0.8660254037844388,0.8660254037844386,12.0,49.95
2022-07-04 03:00:00,2,943,320.1,0,1,-0.8660254037844388,0.8660254037844388,11.5,54.95
2022-07-04 07:00:00,3,876,320.1,0,1,-0.8660254037844388,1.2246467991473532e-16,12.25,84.95
2022-07-04 11:00:00,4,942,320.1,0,1,-0.8660254037844388,-0.8660254037844384,14.0,68.13
2022-07-04 15:00:00,5,897,320.1,0,1,-0.8660254037844388,-0.8660254037844386,14.0,94.95
2022-07-04 19:00:00,6,766,320.1,0,1,-0.8660254037844388,-2.4492935982947064e-16,12.75,59.95
2022-07-04 23:00:00,1,914,300.1,1,1,-0.8660254037844388,0.8660254037844386,12.0,51.96
2022-07-05 03:00:00,2,930,300.1,1,1,-0.8660254037844388,0.8660254037844388,10.5,36.0
2022-07-05 07:00:00,3,883,300.1,1,1,-0.8660254037844388,1.2246467991473532e-16,12.5,11.95
2022-07-05 11:00:00,4,875,300.1,1,1,-0.8660254037844388,-0.8660254037844384,15.5,13.89
2022-07-05 15:00:00,5,870,300.1,1,1,-0.8660254037844388,-0.8660254037844386,16.0,15.78
2022-07-05 19:00:00,6,739,300.1,1,1,-0.8660254037844388,-2.4492935982947064e-16,13.333333333333334,39.95
2022-07-05 23:00:00,1,869,295.5,2,1,-0.8660254037844388,0.8660254037844386,12.666666666666666,64.95
2022-07-06 03:00:00,2,959,295.5,2,1,-0.8660254037844388,0.8660254037844388,13.75,58.1
2022-07-06 07:00:00,3,935,295.5,2,1,-0.8660254037844388,1.2246467991473532e-16,14.25,86.9
2022-07-06 11:00:00,4,949,295.5,2,1,-0.8660254037844388,-0.8660254037844384,16.0,71.96
2022-07-06 15:00:00,5,899,295.5,2,1,-0.8660254037844388,-0.8660254037844386,16.333333333333332,86.0
2022-07-06 19:00:00,6,911,295.5,2,1,-0.8660254037844388,-2.4492935982947064e-16,15.0,80.7
2022-07-06 23:00:00,1,943,307.6,3,1,-0.8660254037844388,0.8660254037844386,13.0,3.95
2022-07-07 03:00:00,2,931,307.6,3,1,-0.8660254037844388,0.8660254037844388,12.333333333333334,3.95
2022-07-07 07:00:00,3,857,307.6,3,1,-0.8660254037844388,1.2246467991473532e-16,13.75,11.95
2022-07-07 11:00:00,4,953,307.6,3,1,-0.8660254037844388,-0.8660254037844384,18.0,52.96
2022-07-07 15:00:00,5,883,307.6,3,1,-0.8660254037844388,-0.8660254037844386,19.0,79.95
2022-07-07 19:00:00,6,634,307.6,3,1,-0.8660254037844388,-2.4492935982947064e-16,15.5,2.91
2022-07-07 23:00:00,1,809,308.9,4,1,-0.8660254037844388,0.8660254037844386,14.0,2.0
2022-07-08 03:00:00,2,810,308.9,4,1,-0.8660254037844388,0.8660254037844388,12.5,3.5
2022-07-08 07:00:00,3,780,308.9,4,1,-0.8660254037844388,1.2246467991473532e-16,17.0,12.64
2022-07-08 11:00:00,4,1005,308.9,4,1,-0.8660254037844388,-0.8660254037844384,18.25,59.96
2022-07-08 15:00:00,5,942,308.9,4,1,-0.8660254037844388,-0.8660254037844386,18.25,76.0
2022-07-08 19:00:00,6,645,308.9,4,1,-0.8660254037844388,-2.4492935982947064e-16,15.25,4.52
2022-07-08 23:00:00,1,972,308.9,5,0,-0.8660254037844388,0.8660254037844386,14.0,49.9
2022-07-09 03:00:00,2,1003,308.9,5,0,-0.8660254037844388,0.8660254037844388,13.5,45.09
2022-07-09 07:00:00,3,1004,308.9,5,0,-0.8660254037844388,1.2246467991473532e-16,14.5,59.0
2022-07-09 11:00:00,4,1012,308.9,5,0,-0.8660254037844388,-0.8660254037844384,18.5,59.0
2022-07-09 15:00:00,5,948,308.9,5,0,-0.8660254037844388,-0.8660254037844386,19.25,89.96
2022-07-09 19:00:00,6,772,308.9,5,0,-0.8660254037844388,-2.4492935982947064e-16,16.25,29.0
2022-07-09 23:00:00,1,893,308.9,6,0,-0.8660254037844388,0.8660254037844386,12.5,24.95
2022-07-10 03:00:00,2,987,308.9,6,0,-0.8660254037844388,0.8660254037844388,12.0,29.95
2022-07-10 07:00:00,3,995,308.9,6,0,-0.8660254037844388,1.2246467991473532e-16,16.75,46.35
2022-07-10 11:00:00,4,1002,308.9,6,0,-0.8660254037844388,-0.8660254037844384,22.25,49.95
2022-07-10 15:00:00,5,937,308.9,6,0,-0.8660254037844388,-0.8660254037844386,23.75,76.0
2022-07-10 19:00:00,6,769,308.9,6,0,-0.8660254037844388,-2.4492935982947064e-16,20.25,23.29
2022-07-10 23:00:00,1,872,307.3,0,1,-0.8660254037844388,0.8660254037844386,14.5,3.95
2022-07-11 03:00:00,2,900,307.3,0,1,-0.8660254037844388,0.8660254037844388,12.666666666666666,3.5
2022-07-11 07:00:00,3,869,307.3,0,1,-0.8660254037844388,1.2246467991473532e-16,20.5,20.11
2022-07-11 11:00:00,4,882,307.3,0,1,-0.8660254037844388,-0.8660254037844384,25.25,21.66
2022-07-11 15:00:00,5,880,307.3,0,1,-0.8660254037844388,-0.8660254037844386,26.25,19.64
2022-07-11 19:00:00,6,732,307.3,0,1,-0.8660254037844388,-2.4492935982947064e-16,23.25,8.9
2022-07-11 23:00:00,1,927,303.6,1,1,-0.8660254037844388,0.8660254037844386,19.75,19.95
2022-07-12 03:00:00,2,978,303.6,1,1,-0.8660254037844388,0.8660254037844388,18.5,31.96
2022-07-12 07:00:00,3,877,303.6,1,1,-0.8660254037844388,1.2246467991473532e-16,18.5,10.6
2022-07-12 11:00:00,4,851,303.6,1,1,-0.8660254037844388,-0.8660254037844384,20.5,6.9
2022-07-12 15:00:00,5,852,303.6,1,1,-0.8660254037844388,-0.8660254037844386,21.33333333333333,11.92
2022-07-12 19:00:00,6,749,303.6,1,1,-0.8660254037844388,-2.4492935982947064e-16,20.25,10.9
2022-07-12 23:00:00,1,969,303.5,2,1,-0.8660254037844388,0.8660254037844386,15.75,35.0
2022-07-13 03:00:00,2,970,303.5,2,1,-0.8660254037844388,0.8660254037844388,14.25,29.9
2022-07-13 07:00:00,3,972,303.5,2,1,-0.8660254037844388,1.2246467991473532e-16,13.25,59.0
2022-07-13 11:00:00,4,934,303.5,2,1,-0.8660254037844388,-0.8660254037844384,17.25,50.0
2022-07-13 15:00:00,5,919,303.5,2,1,-0.8660254037844388,-0.8660254037844386,18.0,60.0
2022-07-13 19:00:00,6,716,303.5,2,1,-0.8660254037844388,-2.4492935982947064e-16,17.833333333333332,45.0
2022-07-13 23:00:00,1,847,292.0,3,1,-0.8660254037844388,0.8660254037844386,17.666666666666668,18.8
2022-07-14 03:00:00,2,955,292.0,3,1,-0.8660254037844388,0.8660254037844388,17.5,47.0
2022-07-14 07:00:00,3,850,292.0,3,1,-0.8660254037844388,1.2246467991473532e-16,17.333333333333332,14.9
2022-07-14 11:00:00,4,670,292.0,3,1,-0.8660254037844388,-0.8660254037844384,17.166666666666668,6.9
2022-07-14 15:00:00,5,860,292.0,3,1,-0.8660254037844388,-0.8660254037844386,17.0,17.37
2022-07-14 19:00:00,6,735,292.0,3,1,-0.8660254037844388,-2.4492935982947064e-16,14.25,14.9
2022-07-14 23:00:00,1,828,297.9,4,1,-0.8660254037844388,0.8660254037844386,12.0,37.0
2022-07-15 03:00:00,2,906,297.9,4,1,-0.8660254037844388,0.8660254037844388,12.5,9.9
2022-07-15 07:00:00,3,850,297.9,4,1,-0.8660254037844388,1.2246467991473532e-16,13.75,14.9
2022-07-15 11:00:00,4,922,297.9,4,1,-0.8660254037844388,-0.8660254037844384,16.5,56.5
2022-07-15 15:00:00,5,874,297.9,4,1,-0.8660254037844388,-0.8660254037844386,16.75,39.8
2022-07-15 19:00:00,6,757,297.9,4,1,-0.8660254037844388,-2.4492935982947064e-16,14.75,14.9
2022-07-15 23:00:00,1,860,297.9,5,0,-0.8660254037844388,0.8660254037844386,11.5,3.8
2022-07-16 03:00:00,2,925,297.9,5,0,-0.8660254037844388,0.8660254037844388,10.0,3.5
2022-07-16 07:00:00,3,984,297.9,5,0,-0.8660254037844388,1.2246467991473532e-16,13.5,18.6
2022-07-16 11:00:00,4,1022,297.9,5,0,-0.8660254037844388,-0.8660254037844384,19.0,44.95
2022-07-16 15:00:00,5,940,297.9,5,0,-0.8660254037844388,-0.8660254037844386,21.0,21.5
2022-07-16 19:00:00,6,779,297.9,5,0,-0.8660254037844388,-2.4492935982947064e-16,17.75,3.5
2022-07-16 23:00:00,1,901,297.9,6,0,-0.8660254037844388,0.8660254037844386,15.666666666666666,11.95
2022-07-17 03:00:00,2,950,297.9,6,0,-0.8660254037844388,0.8660254037844388,14.25,3.5
2022-07-17 07:00:00,3,976,297.9,6,0,-0.8660254037844388,1.2246467991473532e-16,18.25,16.95
2022-07-17 11:00:00,4,1014,297.9,6,0,-0.8660254037844388,-0.8660254037844384,24.75,29.95
2022-07-17 15:00:00,5,945,297.9,6,0,-0.8660254037844388,-0.8660254037844386,27.75,30.96
2022-07-17 19:00:00,6,770,297.9,6,0,-0.8660254037844388,-2.4492935982947064e-16,24.75,6.96
2022-07-17 23:00:00,1,896,306.1,0,1,-0.8660254037844388,0.8660254037844386,20.666666666666668,9.96
2022-07-18 03:00:00,2,902,306.1,0,1,-0.8660254037844388,0.8660254037844388,19.75,16.26
2022-07-18 07:00:00,3,848,306.1,0,1,-0.8660254037844388,1.2246467991473532e-16,23.25,17.9
2022-07-18 11:00:00,4,859,306.1,0,1,-0.8660254037844388,-0.8660254037844384,28.75,14.4
2022-07-18 15:00:00,5,837,306.1,0,1,-0.8660254037844388,-0.8660254037844386,32.75,41.62
2022-07-18 19:00:00,6,718,306.1,0,1,-0.8660254037844388,-2.4492935982947064e-16,28.25,19.95
2022-07-18 23:00:00,1,827,307.4,1,1,-0.8660254037844388,0.8660254037844386,24.0,6.96
2022-07-19 03:00:00,2,958,307.4,1,1,-0.8660254037844388,0.8660254037844388,24.0,24.95
2022-07-19 07:00:00,3,847,307.4,1,1,-0.8660254037844388,1.2246467991473532e-16,27.0,6.96
2022-07-19 11:00:00,4,973,307.4,1,1,-0.8660254037844388,-0.8660254037844384,34.0,49.99
2022-07-19 15:00:00,5,887,307.4,1,1,-0.8660254037844388,-0.8660254037844386,31.75,41.62
2022-07-19 19:00:00,6,724,307.4,1,1,-0.8660254037844388,-2.4492935982947064e-16,25.5,10.03
2022-07-19 23:00:00,1,756,309.0,2,1,-0.8660254037844388,0.8660254037844386,21.75,2.67
2022-07-20 03:00:00,2,972,309.0,2,1,-0.8660254037844388,0.8660254037844388,19.5,6.96
2022-07-20 07:00:00,3,838,309.0,2,1,-0.8660254037844388,1.2246467991473532e-16,17.0,9.49
2022-07-20 11:00:00,4,855,309.0,2,1,-0.8660254037844388,-0.8660254037844384,16.74074074074074,4.96
2022-07-20 15:00:00,5,856,309.0,2,1,-0.8660254037844388,-0.8660254037844386,16.48148148148148,18.39
2022-07-20 19:00:00,6,543,309.0,2,1,-0.8660254037844388,-2.4492935982947064e-16,16.22222222222222,1.91
2022-07-20 23:00:00,1,880,303.3,3,1,-0.8660254037844388,0.8660254037844386,15.962962962962962,6.96
2022-07-21 03:00:00,2,890,303.3,3,1,-0.8660254037844388,0.8660254037844388,15.703703703703704,29.95
2022-07-21 07:00:00,3,827,303.3,3,1,-0.8660254037844388,1.2246467991473532e-16,15.444444444444445,16.96
2022-07-21 11:00:00,4,842,303.3,3,1,-0.8660254037844388,-0.8660254037844384,15.185185185185183,7.96
2022-07-21 15:00:00,5,842,303.3,3,1,-0.8660254037844388,-0.8660254037844386,14.925925925925926,19.96
2022-07-21 19:00:00,6,533,303.3,3,1,-0.8660254037844388,-2.4492935982947064e-16,14.666666666666666,15.0
2022-07-21 23:00:00,1,718,307.0,4,1,-0.8660254037844388,0.8660254037844386,14.0,2.49
2022-07-22 03:00:00,2,859,307.0,4,1,-0.8660254037844388,0.8660254037844388,13.75,14.95
2022-07-22 07:00:00,3,771,307.0,4,1,-0.8660254037844388,1.2246467991473532e-16,13.0,9.95
2022-07-22 11:00:00,4,739,307.0,4,1,-0.8660254037844388,-0.8660254037844384,13.5,5.06
2022-07-22 15:00:00,5,745,307.0,4,1,-0.8660254037844388,-0.8660254037844386,14.0,9.95
2022-07-22 19:00:00,6,662,307.0,4,1,-0.8660254037844388,-2.4492935982947064e-16,14.25,49.95
2022-07-22 23:00:00,1,870,307.0,5,0,-0.8660254037844388,0.8660254037844386,13.0,3.95
2022-07-23 03:00:00,2,995,307.0,5,0,-0.8660254037844388,0.8660254037844388,11.25,29.95
2022-07-23 07:00:00,3,1022,307.0,5,0,-0.8660254037844388,1.2246467991473532e-16,14.75,79.76
2022-07-23 11:00:00,4,1031,307.0,5,0,-0.8660254037844388,-0.8660254037844384,17.25,69.28
2022-07-23 15:00:00,5,959,307.0,5,0,-0.8660254037844388,-0.8660254037844386,18.25,92.99
2022-07-23 19:00:00,6,942,307.0,5,0,-0.8660254037844388,-2.4492935982947064e-16,18.0,54.95
2022-07-23 23:00:00,1,975,307.0,6,0,-0.8660254037844388,0.8660254037844386,16.75,14.95
2022-07-24 03:00:00,2,1002,307.0,6,0,-0.8660254037844388,0.8660254037844388,16.5,5.96
2022-07-24 07:00:00,3,1021,307.0,6,0,-0.8660254037844388,1.2246467991473532e-16,17.25,46.35
2022-07-24 11:00:00,4,1022,307.0,6,0,-0.8660254037844388,-0.8660254037844384,20.0,39.95
2022-07-24 15:00:00,5,960,307.0,6,0,-0.8660254037844388,-0.8660254037844386,18.33333333333333,79.9
2022-07-24 19:00:00,6,828,307.0,6,0,-0.8660254037844388,-2.4492935982947064e-16,17.5,6.11
2022-07-24 23:00:00,1,848,310.1,0,1,-0.8660254037844388,0.8660254037844386,15.25,3.23
2022-07-25 03:00:00,2,890,310.1,0,1,-0.8660254037844388,0.8660254037844388,14.5,4.66
2022-07-25 07:00:00,3,811,310.1,0,1,-0.8660254037844388,1.2246467991473532e-16,15.25,4.95
2022-07-25 11:00:00,4,933,310.1,0,1,-0.8660254037844388,-0.8660254037844384,17.5,49.9
2022-07-25 15:00:00,5,889,310.1,0,1,-0.8660254037844388,-0.8660254037844386,15.5,69.9
2022-07-25 19:00:00,6,635,310.1,0,1,-0.8660254037844388,-2.4492935982947064e-16,12.75,3.49
2022-07-25 23:00:00,1,923,312.5,1,1,-0.8660254037844388,0.8660254037844386,11.333333333333334,36.4
2022-07-26 03:00:00,2,929,312.5,1,1,-0.8660254037844388,0.8660254037844388,11.0,46.5
2022-07-26 07:00:00,3,871,312.5,1,1,-0.8660254037844388,1.2246467991473532e-16,11.0,14.95
2022-07-26 11:00:00,4,891,312.5,1,1,-0.8660254037844388,-0.8660254037844384,14.0,19.9
2022-07-26 15:00:00,5,865,312.5,1,1,-0.8660254037844388,-0.8660254037844386,15.25,59.9
2022-07-26 19:00:00,6,752,312.5,1,1,-0.8660254037844388,-2.4492935982947064e-16,12.25,7.13
2022-07-26 23:00:00,1,721,315.6,2,1,-0.8660254037844388,0.8660254037844386,10.5,3.11
2022-07-27 03:00:00,2,852,315.6,2,1,-0.8660254037844388,0.8660254037844388,9.5,29.95
2022-07-27 07:00:00,3,874,315.6,2,1,-0.8660254037844388,1.2246467991473532e-16,13.25,46.35
2022-07-27 11:00:00,4,848,315.6,2,1,-0.8660254037844388,-0.8660254037844384,17.0,49.9
2022-07-27 15:00:00,5,778,315.6,2,1,-0.8660254037844388,-0.8660254037844386,19.33333333333333,39.9
2022-07-27 19:00:00,6,772,315.6,2,1,-0.8660254037844388,-2.4492935982947064e-16,17.5,53.95
2022-07-27 23:00:00,1,864,317.6,3,1,-0.8660254037844388,0.8660254037844386,15.0,6.3
2022-07-28 03:00:00,2,932,317.6,3,1,-0.8660254037844388,0.8660254037844388,13.5,5.95
2022-07-28 07:00:00,3,890,317.6,3,1,-0.8660254037844388,1.2246467991473532e-16,13.0,19.54
2022-07-28 11:00:00,4,908,317.6,3,1,-0.8660254037844388,-0.8660254037844384,14.666666666666666,6.95
2022-07-28 15:00:00,5,895,317.6,3,1,-0.8660254037844388,-0.8660254037844386,17.666666666666668,29.9
2022-07-28 19:00:00,6,800,317.6,3,1,-0.8660254037844388,-2.4492935982947064e-16,15.75,15.0
2022-07-28 23:00:00,1,906,326.5,4,1,-0.8660254037844388,0.8660254037844386,14.5,4.96
2022-07-29 03:00:00,2,1032,326.5,4,1,-0.8660254037844388,0.8660254037844388,13.25,5.68
2022-07-29 07:00:00,3,915,326.5,4,1,-0.8660254037844388,1.2246467991473532e-16,12.75,21.77
2022-07-29 11:00:00,4,946,326.5,4,1,-0.8660254037844388,-0.8660254037844384,17.0,5.95
2022-07-29 15:00:00,5,944,326.5,4,1,-0.8660254037844388,-0.8660254037844386,19.33333333333333,13.4
2022-07-29 19:00:00,6,820,326.5,4,1,-0.8660254037844388,-2.4492935982947064e-16,17.75,10.0
2022-07-29 23:00:00,1,1003,326.5,5,0,-0.8660254037844388,0.8660254037844386,16.0,35.0
2022-07-30 03:00:00,2,1039,326.5,5,0,-0.8660254037844388,0.8660254037844388,15.0,22.95
2022-07-30 07:00:00,3,1044,326.5,5,0,-0.8660254037844388,1.2246467991473532e-16,15.5,15.12
2022-07-30 11:00:00,4,1051,326.5,5,0,-0.8660254037844388,-0.8660254037844384,17.75,13.1
2022-07-30 15:00:00,5,985,326.5,5,0,-0.8660254037844388,-0.8660254037844386,18.0,49.9
2022-07-30 19:00:00,6,819,326.5,5,0,-0.8660254037844388,-2.4492935982947064e-16,17.75,6.22
2022-07-30 23:00:00,1,905,326.5,6,0,-0.8660254037844388,0.8660254037844386,16.75,6.96
2022-07-31 03:00:00,2,933,326.5,6,0,-0.8660254037844388,0.8660254037844388,16.0,5.61
2022-07-31 07:00:00,3,995,326.5,6,0,-0.8660254037844388,1.2246467991473532e-16,16.75,8.95
2022-07-31 11:00:00,4,1017,326.5,6,0,-0.8660254037844388,-0.8660254037844384,16.75,8.32
2022-07-31 15:00:00,5,995,326.5,6,0,-0.8660254037844388,-0.8660254037844386,18.5,60.0
2022-07-31 19:00:00,6,775,326.5,6,0,-0.8660254037844388,-2.4492935982947064e-16,15.5,10.0
2022-07-31 23:00:00,1,773,321.2,0,1,-0.8660254037844388,0.8660254037844386,12.25,2.49
2022-08-01 03:00:00,2,825,321.2,0,1,-0.5000000000000004,0.8660254037844388,10.5,2.45
2022-08-01 07:00:00,3,858,321.2,0,1,-0.5000000000000004,1.2246467991473532e-16,13.5,19.71
2022-08-01 11:00:00,4,880,321.2,0,1,-0.5000000000000004,-0.8660254037844384,18.0,12.97
2022-08-01 15:00:00,5,885,321.2,0,1,-0.5000000000000004,-0.8660254037844386,20.0,35.0
2022-08-01 19:00:00,6,869,321.2,0,1,-0.5000000000000004,-2.4492935982947064e-16,18.5,19.94
2022-08-01 23:00:00,1,1011,323.0,1,1,-0.5000000000000004,0.8660254037844386,16.5,48.0
2022-08-02 03:00:00,2,1012,323.0,1,1,-0.5000000000000004,0.8660254037844388,17.5,42.6
2022-08-02 07:00:00,3,985,323.0,1,1,-0.5000000000000004,1.2246467991473532e-16,18.0,79.9
2022-08-02 11:00:00,4,992,323.0,1,1,-0.5000000000000004,-0.8660254037844384,19.0,64.9
2022-08-02 15:00:00,5,978,323.0,1,1,-0.5000000000000004,-0.8660254037844386,21.0,74.9
2022-08-02 19:00:00,6,919,323.0,1,1,-0.5000000000000004,-2.4492935982947064e-16,19.75,22.0
2022-08-02 23:00:00,1,1043,323.9,2,1,-0.5000000000000004,0.8660254037844386,18.0,6.77
2022-08-03 03:00:00,2,1045,323.9,2,1,-0.5000000000000004,0.8660254037844388,16.5,6.36
2022-08-03 07:00:00,3,1036,323.9,2,1,-0.5000000000000004,1.2246467991473532e-16,16.75,54.9
2022-08-03 11:00:00,4,1038,323.9,2,1,-0.5000000000000004,-0.8660254037844384,19.5,48.01
2022-08-03 15:00:00,5,1028,323.9,2,1,-0.5000000000000004,-0.8660254037844386,18.75,65.0
2022-08-03 19:00:00,6,743,323.9,2,1,-0.5000000000000004,-2.4492935982947064e-16,15.75,2.5
2022-08-03 23:00:00,1,877,319.7,3,1,-0.5000000000000004,0.8660254037844386,15.0,3.96
2022-08-04 03:00:00,2,891,319.7,3,1,-0.5000000000000004,0.8660254037844388,14.0,2.5
2022-08-04 07:00:00,3,880,319.7,3,1,-0.5000000000000004,1.2246467991473532e-16,13.75,9.89
2022-08-04 11:00:00,4,1028,319.7,3,1,-0.5000000000000004,-0.8660254037844384,15.75,50.07
2022-08-04 15:00:00,5,1036,319.7,3,1,-0.5000000000000004,-0.8660254037844386,16.0,79.1
2022-08-04 19:00:00,6,772,319.7,3,1,-0.5000000000000004,-2.4492935982947064e-16,12.75,2.72
2022-08-04 23:00:00,1,1015,321.7,4,1,-0.5000000000000004,0.8660254037844386,10.0,7.18
2022-08-05 03:00:00,2,1030,321.7,4,1,-0.5000000000000004,0.8660254037844388,9.75,6.71
2022-08-05 07:00:00,3,1009,321.7,4,1,-0.5000000000000004,1.2246467991473532e-16,11.5,64.9
2022-08-05 11:00:00,4,1034,321.7,4,1,-0.5000000000000004,-0.8660254037844384,14.75,46.98
2022-08-05 15:00:00,5,899,321.7,4,1,-0.5000000000000004,-0.8660254037844386,15.0,6.03
2022-08-05 19:00:00,6,784,321.7,4,1,-0.5000000000000004,-2.4492935982947064e-16,12.25,3.03
2022-08-05 23:00:00,1,1027,321.7,5,0,-0.5000000000000004,0.8660254037844386,10.25,5.09
2022-08-06 03:00:00,2,1037,321.7,5,0,-0.5000000000000004,0.8660254037844388,8.5,4.98
2022-08-06 07:00:00,3,1046,321.7,5,0,-0.5000000000000004,1.2246467991473532e-16,12.5,65.12
2022-08-06 11:00:00,4,1058,321.7,5,0,-0.5000000000000004,-0.8660254037844384,15.75,64.9
2022-08-06 15:00:00,5,1050,321.7,5,0,-0.5000000000000004,-0.8660254037844386,16.25,75.66
2022-08-06 19:00:00,6,796,321.7,5,0,-0.5000000000000004,-2.4492935982947064e-16,14.5,2.5
2022-08-06 23:00:00,1,1057,321.7,6,0,-0.5000000000000004,0.8660254037844386,12.0,16.98
2022-08-07 03:00:00,2,1058,321.7,6,0,-0.5000000000000004,0.8660254037844388,12.75,24.8
2022-08-07 07:00:00,3,1037,321.7,6,0,-0.5000000000000004,1.2246467991473532e-16,15.0,48.9
2022-08-07 11:00:00,4,1003,321.7,6,0,-0.5000000000000004,-0.8660254037844384,17.25,59.98
2022-08-07 15:00:00,5,1049,321.7,6,0,-0.5000000000000004,-0.8660254037844386,18.5,81.9
2022-08-07 19:00:00,6,797,321.7,6,0,-0.5000000000000004,-2.4492935982947064e-16,15.5,5.9
2022-08-07 23:00:00,1,908,323.4,0,1,-0.5000000000000004,0.8660254037844386,13.666666666666666,4.74
2022-08-08 03:00:00,2,970,323.4,0,1,-0.5000000000000004,0.8660254037844388,13.0,5.98
2022-08-08 07:00:00,3,886,323.4,0,1,-0.5000000000000004,1.2246467991473532e-16,15.25,7.06
2022-08-08 11:00:00,4,893,323.4,0,1,-0.5000000000000004,-0.8660254037844384,18.666666666666668,6.07
2022-08-08 15:00:00,5,892,323.4,0,1,-0.5000000000000004,-0.8660254037844386,20.25,10.03
2022-08-08 19:00:00,6,726,323.4,0,1,-0.5000000000000004,-2.4492935982947064e-16,16.75,6.3
2022-08-08 23:00:00,1,653,326.8,1,1,-0.5000000000000004,0.8660254037844386,11.666666666666666,0.95
2022-08-09 03:00:00,2,656,326.8,1,1,-0.5000000000000004,0.8660254037844388,10.0,0.95
2022-08-09 07:00:00,3,780,326.8,1,1,-0.5000000000000004,1.2246467991473532e-16,15.25,5.95
2022-08-09 11:00:00,4,786,326.8,1,1,-0.5000000000000004,-0.8660254037844384,21.25,5.95
2022-08-09 15:00:00,5,787,326.8,1,1,-0.5000000000000004,-0.8660254037844386,24.33333333333333,5.95
2022-08-09 19:00:00,6,546,326.8,1,1,-0.5000000000000004,-2.4492935982947064e-16,20.5,2.0
2022-08-09 23:00:00,1,645,326.7,2,1,-0.5000000000000004,0.8660254037844386,15.5,3.95
2022-08-10 03:00:00,2,643,326.7,2,1,-0.5000000000000004,0.8660254037844388,12.75,5.12
2022-08-10 07:00:00,3,690,326.7,2,1,-0.5000000000000004,1.2246467991473532e-16,18.25,36.05
2022-08-10 11:00:00,4,706,326.7,2,1,-0.5000000000000004,-0.8660254037844384,25.5,24.8
2022-08-10 15:00:00,5,755,326.7,2,1,-0.5000000000000004,-0.8660254037844386,27.5,46.47
2022-08-10 19:00:00,6,541,326.7,2,1,-0.5000000000000004,-2.4492935982947064e-16,22.0,15.0
2022-08-10 23:00:00,1,611,333.0,3,1,-0.5000000000000004,0.8660254037844386,17.0,3.22
2022-08-11 03:00:00,2,614,333.0,3,1,-0.5000000000000004,0.8660254037844388,14.5,2.56
2022-08-11 07:00:00,3,753,333.0,3,1,-0.5000000000000004,1.2246467991473532e-16,20.0,13.12
2022-08-11 11:00:00,4,769,333.0,3,1,-0.5000000000000004,-0.8660254037844384,26.666666666666668,6.48
2022-08-11 15:00:00,5,666,333.0,3,1,-0.5000000000000004,-0.8660254037844386,29.0,9.03
2022-08-11 19:00:00,6,534,333.0,3,1,-0.5000000000000004,-2.4492935982947064e-16,23.0,2.5
2022-08-11 23:00:00,1,594,332.6,4,1,-0.5000000000000004,0.8660254037844386,17.75,2.91
2022-08-12 03:00:00,2,611,332.6,4,1,-0.5000000000000004,0.8660254037844388,14.5,1.9
2022-08-12 07:00:00,3,755,332.6,4,1,-0.5000000000000004,1.2246467991473532e-16,18.5,19.7
2022-08-12 11:00:00,4,770,332.6,4,1,-0.5000000000000004,-0.8660254037844384,25.5,17.28
2022-08-12 15:00:00,5,670,332.6,4,1,-0.5000000000000004,-0.8660254037844386,28.0,8.95
2022-08-12 19:00:00,6,541,332.6,4,1,-0.5000000000000004,-2.4492935982947064e-16,22.666666666666668,3.76
2022-08-12 23:00:00,1,710,332.6,5,0,-0.5000000000000004,0.8660254037844386,17.75,1.9
2022-08-13 03:00:00,2,826,332.6,5,0,-0.5000000000000004,0.8660254037844388,13.75,3.03
2022-08-13 07:00:00,3,898,332.6,5,0,-0.5000000000000004,1.2246467991473532e-16,17.25,7.45
2022-08-13 11:00:00,4,914,332.6,5,0,-0.5000000000000004,-0.8660254037844384,25.0,7.64
2022-08-13 15:00:00,5,917,332.6,5,0,-0.5000000000000004,-0.8660254037844386,27.75,21.72
2022-08-13 19:00:00,6,667,332.6,5,0,-0.5000000000000004,-2.4492935982947064e-16,23.0,2.92
2022-08-13 23:00:00,1,865,332.6,6,0,-0.5000000000000004,0.8660254037844386,17.0,2.86
2022-08-14 03:00:00,2,887,332.6,6,0,-0.5000000000000004,0.8660254037844388,14.75,2.86
2022-08-14 07:00:00,3,926,332.6,6,0,-0.5000000000000004,1.2246467991473532e-16,17.0,48.57
2022-08-14 11:00:00,4,932,332.6,6,0,-0.5000000000000004,-0.8660254037844384,24.75,44.8
2022-08-14 15:00:00,5,904,332.6,6,0,-0.5000000000000004,-0.8660254037844386,28.25,29.93
2022-08-14 19:00:00,6,660,332.6,6,0,-0.5000000000000004,-2.4492935982947064e-16,25.25,5.0
2022-08-14 23:00:00,1,600,328.2,0,1,-0.5000000000000004,0.8660254037844386,19.5,3.12
2022-08-15 03:00:00,2,618,328.2,0,1,-0.5000000000000004,0.8660254037844388,15.666666666666666,2.3
2022-08-15 07:00:00,3,630,328.2,0,1,-0.5000000000000004,1.2246467991473532e-16,18.75,2.0
2022-08-15 11:00:00,4,633,328.2,0,1,-0.5000000000000004,-0.8660254037844384,20.5,1.86
2022-08-15 15:00:00,5,641,328.2,0,1,-0.5000000000000004,-0.8660254037844386,20.25,3.12
2022-08-15 19:00:00,6,545,328.2,0,1,-0.5000000000000004,-2.4492935982947064e-16,18.75,4.17
2022-08-15 23:00:00,1,619,330.6,1,1,-0.5000000000000004,0.8660254037844386,16.25,2.3
2022-08-16 03:00:00,2,615,330.6,1,1,-0.5000000000000004,0.8660254037844388,14.0,2.84
2022-08-16 07:00:00,3,619,330.6,1,1,-0.5000000000000004,1.2246467991473532e-16,16.0,10.0
2022-08-16 11:00:00,4,633,330.6,1,1,-0.5000000000000004,-0.8660254037844384,19.666666666666668,3.49
2022-08-16 15:00:00,5,637,330.6,1,1,-0.5000000000000004,-0.8660254037844386,17.5,10.0
2022-08-16 19:00:00,6,554,330.6,1,1,-0.5000000000000004,-2.4492935982947064e-16,13.75,14.8
2022-08-16 23:00:00,1,659,331.2,2,1,-0.5000000000000004,0.8660254037844386,12.666666666666666,4.38
2022-08-17 03:00:00,2,656,331.2,2,1,-0.5000000000000004,0.8660254037844388,12.0,2.49
2022-08-17 07:00:00,3,627,331.2,2,1,-0.5000000000000004,1.2246467991473532e-16,11.666666666666666,3.05
2022-08-17 11:00:00,4,649,331.2,2,1,-0.5000000000000004,-0.8660254037844384,15.5,4.8
2022-08-17 15:00:00,5,666,331.2,2,1,-0.5000000000000004,-0.8660254037844386,17.25,10.0
2022-08-17 19:00:00,6,540,331.2,2,1,-0.5000000000000004,-2.4492935982947064e-16,15.5,14.8
2022-08-17 23:00:00,1,643,337.2,3,1,-0.5000000000000004,0.8660254037844386,13.666666666666666,5.01
2022-08-18 03:00:00,2,641,337.2,3,1,-0.5000000000000004,0.8660254037844388,12.0,1.5
2022-08-18 07:00:00,3,641,337.2,3,1,-0.5000000000000004,1.2246467991473532e-16,13.5,11.13
2022-08-18 11:00:00,4,750,337.2,3,1,-0.5000000000000004,-0.8660254037844384,17.25,6.77
2022-08-18 15:00:00,5,654,337.2,3,1,-0.5000000000000004,-0.8660254037844386,18.25,6.61
2022-08-18 19:00:00,6,543,337.2,3,1,-0.5000000000000004,-2.4492935982947064e-16,17.25,9.42
2022-08-18 23:00:00,1,821,337.6,4,1,-0.5000000000000004,0.8660254037844386,16.5,2.8
2022-08-19 03:00:00,2,823,337.6,4,1,-0.5000000000000004,0.8660254037844388,12.5,2.8
2022-08-19 07:00:00,3,800,337.6,4,1,-0.5000000000000004,1.2246467991473532e-16,13.75,8.32
2022-08-19 11:00:00,4,1008,337.6,4,1,-0.5000000000000004,-0.8660254037844384,17.0,22.1
2022-08-19 15:00:00,5,804,337.6,4,1,-0.5000000000000004,-0.8660254037844386,17.75,9.8
2022-08-19 19:00:00,6,565,337.6,4,1,-0.5000000000000004,-2.4492935982947064e-16,15.5,1.5
2022-08-19 23:00:00,1,840,337.6,5,0,-0.5000000000000004,0.8660254037844386,14.0,2.8
2022-08-20 03:00:00,2,968,337.6,5,0,-0.5000000000000004,0.8660254037844388,12.0,4.24
2022-08-20 07:00:00,3,1043,337.6,5,0,-0.5000000000000004,1.2246467991473532e-16,14.25,46.69
2022-08-20 11:00:00,4,1042,337.6,5,0,-0.5000000000000004,-0.8660254037844384,17.5,48.91
2022-08-20 15:00:00,5,1028,337.6,5,0,-0.5000000000000004,-0.8660254037844386,19.666666666666668,63.69
2022-08-20 19:00:00,6,726,337.6,5,0,-0.5000000000000004,-2.4492935982947064e-16,16.25,5.0
2022-08-20 23:00:00,1,847,337.6,6,0,-0.5000000000000004,0.8660254037844386,13.5,2.84
2022-08-21 03:00:00,2,869,337.6,6,0,-0.5000000000000004,0.8660254037844388,13.5,3.06
2022-08-21 07:00:00,3,1003,337.6,6,0,-0.5000000000000004,1.2246467991473532e-16,13.5,8.78
2022-08-21 11:00:00,4,967,337.6,6,0,-0.5000000000000004,-0.8660254037844384,17.0,5.71
2022-08-21 15:00:00,5,819,337.6,6,0,-0.5000000000000004,-0.8660254037844386,17.5,5.8
2022-08-21 19:00:00,6,573,337.6,6,0,-0.5000000000000004,-2.4492935982947064e-16,13.75,1.42
2022-08-21 23:00:00,1,784,339.7,0,1,-0.5000000000000004,0.8660254037844386,12.333333333333334,3.87
2022-08-22 03:00:00,2,764,339.7,0,1,-0.5000000000000004,0.8660254037844388,13.5,22.0
2022-08-22 07:00:00,3,619,339.7,0,1,-0.5000000000000004,1.2246467991473532e-16,15.0,13.83
2022-08-22 11:00:00,4,627,339.7,0,1,-0.5000000000000004,-0.8660254037844384,20.5,4.22
2022-08-22 15:00:00,5,627,339.7,0,1,-0.5000000000000004,-0.8660254037844386,17.0,13.99
2022-08-22 19:00:00,6,537,339.7,0,1,-0.5000000000000004,-2.4492935982947064e-16,16.5,18.52
2022-08-22 23:00:00,1,641,350.4,1,1,-0.5000000000000004,0.8660254037844386,15.666666666666666,3.8
2022-08-23 03:00:00,2,631,350.4,1,1,-0.5000000000000004,0.8660254037844388,14.0,6.22
2022-08-23 07:00:00,3,635,350.4,1,1,-0.5000000000000004,1.2246467991473532e-16,15.25,4.18
2022-08-23 11:00:00,4,641,350.4,1,1,-0.5000000000000004,-0.8660254037844384,19.5,3.57
2022-08-23 15:00:00,5,553,350.4,1,1,-0.5000000000000004,-0.8660254037844386,21.25,50.85
2022-08-23 19:00:00,6,450,350.4,1,1,-0.5000000000000004,-2.4492935982947064e-16,18.0,40.79
2022-08-23 23:00:00,1,811,347.1,2,1,-0.5000000000000004,0.8660254037844386,16.75,24.8
2022-08-24 03:00:00,2,716,347.1,2,1,-0.5000000000000004,0.8660254037844388,16.75,30.3
2022-08-24 07:00:00,3,798,347.1,2,1,-0.5000000000000004,1.2246467991473532e-16,17.75,40.4
2022-08-24 11:00:00,4,755,347.1,2,1,-0.5000000000000004,-0.8660254037844384,18.5,38.38
2022-08-24 15:00:00,5,694,347.1,2,1,-0.5000000000000004,-0.8660254037844386,19.75,62.79
2022-08-24 19:00:00,6,523,347.1,2,1,-0.5000000000000004,-2.4492935982947064e-16,16.666666666666668,71.71
2022-08-24 23:00:00,1,631,350.7,3,1,-0.5000000000000004,0.8660254037844386,14.333333333333334,2.95
2022-08-25 03:00:00,2,627,350.7,3,1,-0.5000000000000004,0.8660254037844388,13.0,2.95
2022-08-25 07:00:00,3,815,350.7,3,1,-0.5000000000000004,1.2246467991473532e-16,13.333333333333334,58.41
2022-08-25 11:00:00,4,780,350.7,3,1,-0.5000000000000004,-0.8660254037844384,15.5,43.26
2022-08-25 15:00:00,5,810,350.7,3,1,-0.5000000000000004,-0.8660254037844386,17.5,65.0
2022-08-25 19:00:00,6,558,350.7,3,1,-0.5000000000000004,-2.4492935982947064e-16,13.5,3.2
2022-08-25 23:00:00,1,752,349.3,4,1,-0.5000000000000004,0.8660254037844386,10.0,41.66
2022-08-26 03:00:00,2,795,349.3,4,1,-0.5000000000000004,0.8660254037844388,10.666666666666666,63.23
2022-08-26 07:00:00,3,830,349.3,4,1,-0.5000000000000004,1.2246467991473532e-16,16.0,58.0
2022-08-26 11:00:00,4,836,349.3,4,1,-0.5000000000000004,-0.8660254037844384,18.0,59.88
2022-08-26 15:00:00,5,814,349.3,4,1,-0.5000000000000004,-0.8660254037844386,18.75,74.8
2022-08-26 19:00:00,6,548,349.3,4,1,-0.5000000000000004,-2.4492935982947064e-16,16.75,11.83
2022-08-26 23:00:00,1,755,349.3,5,0,-0.5000000000000004,0.8660254037844386,14.75,2.69
2022-08-27 03:00:00,2,879,349.3,5,0,-0.5000000000000004,0.8660254037844388,13.0,2.96
2022-08-27 07:00:00,3,899,349.3,5,0,-0.5000000000000004,1.2246467991473532e-16,14.5,4.77
2022-08-27 11:00:00,4,925,349.3,5,0,-0.5000000000000004,-0.8660254037844384,19.75,5.88
2022-08-27 15:00:00,5,940,349.3,5,0,-0.5000000000000004,-0.8660254037844386,20.0,13.46
2022-08-27 19:00:00,6,685,349.3,5,0,-0.5000000000000004,-2.4492935982947064e-16,17.0,2.49
2022-08-27 23:00:00,1,921,349.3,6,0,-0.5000000000000004,0.8660254037844386,14.0,2.95
2022-08-28 03:00:00,2,945,349.3,6,0,-0.5000000000000004,0.8660254037844388,11.333333333333334,5.25
2022-08-28 07:00:00,3,1003,349.3,6,0,-0.5000000000000004,1.2246467991473532e-16,13.25,40.1
2022-08-28 11:00:00,4,1010,349.3,6,0,-0.5000000000000004,-0.8660254037844384,20.0,40.1
2022-08-28 15:00:00,5,1027,349.3,6,0,-0.5000000000000004,-0.8660254037844386,19.75,32.51
2022-08-28 19:00:00,6,769,349.3,6,0,-0.5000000000000004,-2.4492935982947064e-16,16.25,4.38
2022-08-28 23:00:00,1,921,350.9,0,1,-0.5000000000000004,0.8660254037844386,14.25,2.95
2022-08-29 03:00:00,2,947,350.9,0,1,-0.5000000000000004,0.8660254037844388,14.0,9.06
2022-08-29 07:00:00,3,909,350.9,0,1,-0.5000000000000004,1.2246467991473532e-16,14.75,5.09
2022-08-29 11:00:00,4,928,350.9,0,1,-0.5000000000000004,-0.8660254037844384,15.5,4.65
2022-08-29 15:00:00,5,925,350.9,0,1,-0.5000000000000004,-0.8660254037844386,16.0,11.96
2022-08-29 19:00:00,6,754,350.9,0,1,-0.5000000000000004,-2.4492935982947064e-16,13.75,9.69
2022-08-29 23:00:00,1,929,341.6,1,1,-0.5000000000000004,0.8660254037844386,11.5,6.67
2022-08-30 03:00:00,2,931,341.6,1,1,-0.5000000000000004,0.8660254037844388,10.25,6.99
2022-08-30 07:00:00,3,860,341.6,1,1,-0.5000000000000004,1.2246467991473532e-16,11.666666666666666,21.41
2022-08-30 11:00:00,4,877,341.6,1,1,-0.5000000000000004,-0.8660254037844384,15.75,6.72
2022-08-30 15:00:00,5,862,341.6,1,1,-0.5000000000000004,-0.8660254037844386,16.5,29.8
2022-08-30 19:00:00,6,712,341.6,1,1,-0.5000000000000004,-2.4492935982947064e-16,13.333333333333334,9.69
2022-08-30 23:00:00,1,897,332.8,2,1,-0.5000000000000004,0.8660254037844386,12.0,15.62
2022-08-31 03:00:00,2,898,332.8,2,1,-0.5000000000000004,0.8660254037844388,11.333333333333334,16.57
2022-08-31 07:00:00,3,854,332.8,2,1,-0.5000000000000004,1.2246467991473532e-16,13.0,32.8
2022-08-31 11:00:00,4,865,332.8,2,1,-0.5000000000000004,-0.8660254037844384,16.5,15.84
2022-08-31 15:00:00,5,875,332.8,2,1,-0.5000000000000004,-0.8660254037844386,18.5,30.96
2022-08-31 19:00:00,6,720,332.8,2,1,-0.5000000000000004,-2.4492935982947064e-16,15.0,11.41
